file,group,paper_use,source_bytes,source_sha256,local_export_sha256,public_export_bytes,public_export_sha256,public_scope
source_data/all_estimates_with_qc_flags.csv,main_source_tables,Main Tables 3–5; Figs 3–5; SI S4–S5,64051,ad65fa3e6cd4ec94702c05393fbcaa816a51aac988459f88a675996e86b2957d,2c822fe9391b1574c6274e94f08e0006c3bac9f01955650d35fb33a941a248f1,59079,2c822fe9391b1574c6274e94f08e0006c3bac9f01955650d35fb33a941a248f1,author research output or factual provenance; third-party raster assets excluded
source_data/failures_retained.csv,main_source_tables,Main Tables 3–5; Figs 3–5; SI S4–S5,4490,4b3a248c9d5e22da2165bcde16c3b0d81f5ef7e3bae59268af1a08a8ca720773,4b3a248c9d5e22da2165bcde16c3b0d81f5ef7e3bae59268af1a08a8ca720773,4490,4b3a248c9d5e22da2165bcde16c3b0d81f5ef7e3bae59268af1a08a8ca720773,author research output or factual provenance; third-party raster assets excluded
source_data/per_case_geometry_flags.csv,main_source_tables,Main Tables 3–5; Figs 3–5; SI S4–S5,7239,a58837debdf1bfee0a50e108fb4230638fe69d3db204df91dd5c9002abf753a0,a42131f0f2a29ccdb477650e5b4338aa7a821a71db54c9c14ca63ea609a5c353,4949,a42131f0f2a29ccdb477650e5b4338aa7a821a71db54c9c14ca63ea609a5c353,author research output or factual provenance; third-party raster assets excluded
source_data/scope_denominators.csv,main_source_tables,Main Tables 3–5; Figs 3–5; SI S4–S5,2563,1a45bfed3b39ffc66201df6f53e48bc111cfb9a2b99d8c13872f27c6a077515c,1a45bfed3b39ffc66201df6f53e48bc111cfb9a2b99d8c13872f27c6a077515c,2563,1a45bfed3b39ffc66201df6f53e48bc111cfb9a2b99d8c13872f27c6a077515c,author research output or factual provenance; third-party raster assets excluded
source_data/scope_membership_and_weights.csv,main_source_tables,Main Tables 3–5; Figs 3–5; SI S4–S5,4368,1fe28adadf450945f1698b4928ccb8d5121507bea6d8799da69c3e86523ab0d4,1fe28adadf450945f1698b4928ccb8d5121507bea6d8799da69c3e86523ab0d4,4368,1fe28adadf450945f1698b4928ccb8d5121507bea6d8799da69c3e86523ab0d4,author research output or factual provenance; third-party raster assets excluded
source_data/summary_statistics.csv,main_source_tables,Main Tables 3–5; Figs 3–5; SI S4–S5,13759,56150842f0ff8b6c0e9fef72f1b8dea8e0ff47e6d4e8836366856d74bedae216,56150842f0ff8b6c0e9fef72f1b8dea8e0ff47e6d4e8836366856d74bedae216,13759,56150842f0ff8b6c0e9fef72f1b8dea8e0ff47e6d4e8836366856d74bedae216,author research output or factual provenance; third-party raster assets excluded
source_data/target_contributions.csv,main_source_tables,Main Tables 3–5; Figs 3–5; SI S4–S5,35853,cc7074ad2fa5272280dcbcd9e0498bef4f34c45553a15be07db055744eeb3e50,cc7074ad2fa5272280dcbcd9e0498bef4f34c45553a15be07db055744eeb3e50,35853,cc7074ad2fa5272280dcbcd9e0498bef4f34c45553a15be07db055744eeb3e50,author research output or factual provenance; third-party raster assets excluded
results/estimates.csv,complete_result_records,"Main §6 and Tables 3–6; SI S2–S6; retains failures, missing references and unestimated uncertainty",55714,c7b6ffc1bd8265d85506e52b22fb1d4e4fc3bda867e52bc23efac09722a185e7,b9581b62053b1dbad35907ca740fe76694b01d355625c4efab0203b6f71d0e86,50742,b9581b62053b1dbad35907ca740fe76694b01d355625c4efab0203b6f71d0e86,author research output or factual provenance; third-party raster assets excluded
results/paired_reference_comparison.csv,complete_result_records,"Main §6 and Tables 3–6; SI S2–S6; retains failures, missing references and unestimated uncertainty",4322,956ed6e53d231868fc9e9535f5a73a5c56337f09703d7da7b2a198dd59b4971b,956ed6e53d231868fc9e9535f5a73a5c56337f09703d7da7b2a198dd59b4971b,4322,956ed6e53d231868fc9e9535f5a73a5c56337f09703d7da7b2a198dd59b4971b,author research output or factual provenance; third-party raster assets excluded
results/geometry_legality.csv,complete_result_records,"Main §6 and Tables 3–6; SI S2–S6; retains failures, missing references and unestimated uncertainty",2445,5ff23d923d9f4bba39e3a0f55e838c2440a83eb20a023050ccb9511c855d03eb,5ff23d923d9f4bba39e3a0f55e838c2440a83eb20a023050ccb9511c855d03eb,2445,5ff23d923d9f4bba39e3a0f55e838c2440a83eb20a023050ccb9511c855d03eb,author research output or factual provenance; third-party raster assets excluded
results/failures.csv,complete_result_records,"Main §6 and Tables 3–6; SI S2–S6; retains failures, missing references and unestimated uncertainty",4490,4b3a248c9d5e22da2165bcde16c3b0d81f5ef7e3bae59268af1a08a8ca720773,4b3a248c9d5e22da2165bcde16c3b0d81f5ef7e3bae59268af1a08a8ca720773,4490,4b3a248c9d5e22da2165bcde16c3b0d81f5ef7e3bae59268af1a08a8ca720773,author research output or factual provenance; third-party raster assets excluded
results/repeatability.csv,complete_result_records,"Main §6 and Tables 3–6; SI S2–S6; retains failures, missing references and unestimated uncertainty",111,008059702deb0c6184564d836317a010bf066a6eccaddab6d5de0f194f45ad7f,008059702deb0c6184564d836317a010bf066a6eccaddab6d5de0f194f45ad7f,111,008059702deb0c6184564d836317a010bf066a6eccaddab6d5de0f194f45ad7f,author research output or factual provenance; third-party raster assets excluded
results/repeatability_status.json,complete_result_records,"Main §6 and Tables 3–6; SI S2–S6; retains failures, missing references and unestimated uncertainty",215,67077099dacaf2166e5d0466923559c5f6346208b1d364e1979444e574ed1547,67077099dacaf2166e5d0466923559c5f6346208b1d364e1979444e574ed1547,215,67077099dacaf2166e5d0466923559c5f6346208b1d364e1979444e574ed1547,author research output or factual provenance; third-party raster assets excluded
results/runtime.csv,complete_result_records,"Main §6 and Tables 3–6; SI S2–S6; retains failures, missing references and unestimated uncertainty",10264,e44ca045d6d4c6067e6d7521b512296eba3cfa6a925e934e6b95201d3815c9ef,e44ca045d6d4c6067e6d7521b512296eba3cfa6a925e934e6b95201d3815c9ef,10264,e44ca045d6d4c6067e6d7521b512296eba3cfa6a925e934e6b95201d3815c9ef,author research output or factual provenance; third-party raster assets excluded
results/uncertainty_components.csv,complete_result_records,"Main §6 and Tables 3–6; SI S2–S6; retains failures, missing references and unestimated uncertainty",19627,6b6a3760ed5e02047f7ca731bd0239fa99644cf30ceb0b8e8e90fe1e8ecdf524,6b6a3760ed5e02047f7ca731bd0239fa99644cf30ceb0b8e8e90fe1e8ecdf524,19627,6b6a3760ed5e02047f7ca731bd0239fa99644cf30ceb0b8e8e90fe1e8ecdf524,author research output or factual provenance; third-party raster assets excluded
results/historical_projection_and_hidden_metrics.csv,complete_result_records,"Main §6 and Tables 3–6; SI S2–S6; retains failures, missing references and unestimated uncertainty",13462,660bca7ed7fd96437b8431aa633aff0579b57dc974c7c62fc5cc466fde39b069,167daffcc7e46161f56358e433031c8711c1be5506d759e74d4ac60df5169434,10956,167daffcc7e46161f56358e433031c8711c1be5506d759e74d4ac60df5169434,author research output or factual provenance; third-party raster assets excluded
results/historical_projection_and_hidden_metrics.json,complete_result_records,"Main §6 and Tables 3–6; SI S2–S6; retains failures, missing references and unestimated uncertainty",18723,af8f05d7abfe9a9970999fb25fa466be33c7967fdedf072bc83812d7b6b9e35e,a28d49aaac26098e73a3b3142f687f7c305bf1e4572610fae864c197ac311449,16105,a28d49aaac26098e73a3b3142f687f7c305bf1e4572610fae864c197ac311449,author research output or factual provenance; third-party raster assets excluded
results/frozen_replay/all_model_reports.json,frozen_replay_reports,Main §6.5 and SI S2–S6; detailed saved quantity/QC and replay records,296343,2d1514257c9b44e5d4d7cadb813a78fccaa2b36ac2467c539c12fe71393b2bc1,644add9a83a219a128c8c631ff7acd4a1f3202171237d9dde320a1d5e8c440dc,294723,644add9a83a219a128c8c631ff7acd4a1f3202171237d9dde320a1d5e8c440dc,author research output or factual provenance; third-party raster assets excluded
results/frozen_replay/reference_reports.json,frozen_replay_reports,Main §6.5 and SI S2–S6; detailed saved quantity/QC and replay records,34274,1445377c8c8f1096d160a575b5ad4840dde2997c692dee6ae7bfcf2a7553ef98,7b4394d18077883976e47b6758c02ee7beb128cb47d7c5e2ce3dd9076c6fb9df,34158,7b4394d18077883976e47b6758c02ee7beb128cb47d7c5e2ce3dd9076c6fb9df,author research output or factual provenance; third-party raster assets excluded
results/frozen_replay/all_conditions.json,frozen_replay_reports,Main §6.5 and SI S2–S6; detailed saved quantity/QC and replay records,108196,38fb96f098228d9f344d3e72e66839ab49c3c5d1c11d5a88f7fa3f932de40038,5799556d073796d0398572cd7c19686fa4149c7e27647cba105cd18fb429782e,103336,5799556d073796d0398572cd7c19686fa4149c7e27647cba105cd18fb429782e,author research output or factual provenance; third-party raster assets excluded
results/frozen_replay/all_conditions.csv,frozen_replay_reports,Main §6.5 and SI S2–S6; detailed saved quantity/QC and replay records,48087,85057bf3a39073fe92c4dd39558d574d3428a1e74df86f72a41f9ece99ddaa14,4566c02ce41eaa3e5341532463be712479a0b8776a451967260b54ef0add2914,43115,4566c02ce41eaa3e5341532463be712479a0b8776a451967260b54ef0add2914,author research output or factual provenance; third-party raster assets excluded
results/frozen_replay/synthetic_paired_comparison.json,frozen_replay_reports,Main §6.5 and SI S2–S6; detailed saved quantity/QC and replay records,10179,e0ae53afd9ede71f6816ed1c6671a3a5e881c203898dac32c655eb2d6069b105,e0ae53afd9ede71f6816ed1c6671a3a5e881c203898dac32c655eb2d6069b105,10179,e0ae53afd9ede71f6816ed1c6671a3a5e881c203898dac32c655eb2d6069b105,author research output or factual provenance; third-party raster assets excluded
results/frozen_replay/subdivision_invariance.json,frozen_replay_reports,Main §6.5 and SI S2–S6; detailed saved quantity/QC and replay records,25475,c2bc68262806cdaa36c0d80dc114b2072a31b289298c2e656dd67a5b1b6ee600,c2bc68262806cdaa36c0d80dc114b2072a31b289298c2e656dd67a5b1b6ee600,25475,c2bc68262806cdaa36c0d80dc114b2072a31b289298c2e656dd67a5b1b6ee600,author research output or factual provenance; third-party raster assets excluded
results/frozen_replay/geometry_legality.json,frozen_replay_reports,Main §6.5 and SI S2–S6; detailed saved quantity/QC and replay records,25558,a4f42174c165a8633c2d0ea70015adb7b3eddacdbe64b3a092f332f717be63ef,15efb546a56d680b6f812c161d4afc5a614fe39e80958914839a4975fd34fb11,23121,15efb546a56d680b6f812c161d4afc5a614fe39e80958914839a4975fd34fb11,author research output or factual provenance; third-party raster assets excluded
results/frozen_replay/summary.json,frozen_replay_reports,Main §6.5 and SI S2–S6; detailed saved quantity/QC and replay records,4421,3e6349bc5ad4226fbcc552ace20be000cc41b7ffb9c4853a6a7fddf7e7c87dad,a4f7f0406d17bf342e241cd540e3efc1ca6972825c4039daeeb7ea2777b4d1b4,3797,a4f7f0406d17bf342e241cd540e3efc1ca6972825c4039daeeb7ea2777b4d1b4,author research output or factual provenance; third-party raster assets excluded
results/frozen_replay/unified_adapter_fresh36_v3.json,frozen_replay_reports,Main §6.5 and SI S2–S6; detailed saved quantity/QC and replay records,580968,0464fdb1143e219d88f19e532331a88ec24be990f9fba0c4e8c3ac814600aef8,8040e06c8c3ee25f6e4c2725cc26f8d6b0ed88f49528783f4f027437b4722d02,570240,8040e06c8c3ee25f6e4c2725cc26f8d6b0ed88f49528783f4f027437b4722d02,author research output or factual provenance; third-party raster assets excluded
results/frozen_replay/unified_adapter_real9_v3.json,frozen_replay_reports,Main §6.5 and SI S2–S6; detailed saved quantity/QC and replay records,152901,ebeaca3bee5efeaf5d8ba75bd77d6a8edfc3088daad9c9e6d6d2ffd8c7934242,f4521b7cd7e40cb1a1f9a42e50419be9c8dc6fcb1589acdd768bdbd1620ea2d8,150893,f4521b7cd7e40cb1a1f9a42e50419be9c8dc6fcb1589acdd768bdbd1620ea2d8,author research output or factual provenance; third-party raster assets excluded
results/frozen_replay/unified_direct_mesh36_v3.json,frozen_replay_reports,Main §6.5 and SI S2–S6; detailed saved quantity/QC and replay records,613634,f30bb4c14bd55125e7677688bebbd0b30a07ecdd4da3c04f2a9fee0ada912c18,e7bdf831c6e1b7efde31a09ae9e7cf6955365774157828e8497b708f6d51e65a,610394,e7bdf831c6e1b7efde31a09ae9e7cf6955365774157828e8497b708f6d51e65a,author research output or factual provenance; third-party raster assets excluded
results/software_validation/cli_batch_report.json,software_validation,"Main §6.5; SI S6 Table S9; 2000 attempts, 1894 accepted, 106 rejected, 61 flags; not real measurements",27948,b8c49ae6ffc06decc0b405762e4a564ed1c4f864ba824050f913cff3411add81,b8c49ae6ffc06decc0b405762e4a564ed1c4f864ba824050f913cff3411add81,27948,b8c49ae6ffc06decc0b405762e4a564ed1c4f864ba824050f913cff3411add81,author research output or factual provenance; third-party raster assets excluded
results/software_validation/cli_single_report.json,software_validation,"Main §6.5; SI S6 Table S9; 2000 attempts, 1894 accepted, 106 rejected, 61 flags; not real measurements",22986,e57bb98c482baf7bc4fa74cefa4c7edf53221b46c473fe7b67ff1241043d8cae,e57bb98c482baf7bc4fa74cefa4c7edf53221b46c473fe7b67ff1241043d8cae,22986,e57bb98c482baf7bc4fa74cefa4c7edf53221b46c473fe7b67ff1241043d8cae,author research output or factual provenance; third-party raster assets excluded
results/software_validation/completion.json,software_validation,"Main §6.5; SI S6 Table S9; 2000 attempts, 1894 accepted, 106 rejected, 61 flags; not real measurements",2499,6647851ce59d30148012f9efb54cbe8833292e2ceb77d2e7b6a9274cc657b977,ea9020d1b1f511b7f552c6f473071acb4d98511ad355acc29fc7b6d67ec39842,2428,ea9020d1b1f511b7f552c6f473071acb4d98511ad355acc29fc7b6d67ec39842,author research output or factual provenance; third-party raster assets excluded
results/software_validation/F01_resolution.json,software_validation,"Main §6.5; SI S6 Table S9; 2000 attempts, 1894 accepted, 106 rejected, 61 flags; not real measurements",2508,e1b3dc8094fd953501cb0ad730d2d9e53d371bfff958fbd9299aa3f1d25786cf,1f21fabf1c7a4b70476737deb1cc5c91a55e87ce27eb3625c643a506ca0a8a97,2542,1f21fabf1c7a4b70476737deb1cc5c91a55e87ce27eb3625c643a506ca0a8a97,author research output or factual provenance; third-party raster assets excluded
results/software_validation/protocol_before_tests.json,software_validation,"Main §6.5; SI S6 Table S9; 2000 attempts, 1894 accepted, 106 rejected, 61 flags; not real measurements",6565,81db1e239b68172470be0ac63084f8347e9690b1a57770fd6c02f6b087920ea0,8aac490014f172571b3742587c4130d157db57dad9a3036511605113f87556f1,6074,8aac490014f172571b3742587c4130d157db57dad9a3036511605113f87556f1,author research output or factual provenance; third-party raster assets excluded
results/software_validation/synthetic_batch_report.json,software_validation,"Main §6.5; SI S6 Table S9; 2000 attempts, 1894 accepted, 106 rejected, 61 flags; not real measurements",27954,1753499b7bc10543b8f71cbe5dac6071a156cfc8bceecdfcae42efaf1782874d,1753499b7bc10543b8f71cbe5dac6071a156cfc8bceecdfcae42efaf1782874d,27954,1753499b7bc10543b8f71cbe5dac6071a156cfc8bceecdfcae42efaf1782874d,author research output or factual provenance; third-party raster assets excluded
results/software_validation/synthetic_batch_request.json,software_validation,"Main §6.5; SI S6 Table S9; 2000 attempts, 1894 accepted, 106 rejected, 61 flags; not real measurements",9538,08574081c8074fe1e5b07a995b992449489a48183508026010b375ab867c05df,08574081c8074fe1e5b07a995b992449489a48183508026010b375ab867c05df,9538,08574081c8074fe1e5b07a995b992449489a48183508026010b375ab867c05df,author research output or factual provenance; third-party raster assets excluded
results/software_validation/synthetic_conditional_mc.json,software_validation,"Main §6.5; SI S6 Table S9; 2000 attempts, 1894 accepted, 106 rejected, 61 flags; not real measurements",1569866,7887c657d502804667aee18caccfc410f9f891cd47d5115b01523ab8125e9ad1,7887c657d502804667aee18caccfc410f9f891cd47d5115b01523ab8125e9ad1,1569866,7887c657d502804667aee18caccfc410f9f891cd47d5115b01523ab8125e9ad1,author research output or factual provenance; third-party raster assets excluded
results/software_validation/synthetic_single_report.json,software_validation,"Main §6.5; SI S6 Table S9; 2000 attempts, 1894 accepted, 106 rejected, 61 flags; not real measurements",22989,f6da98e87bd201d8a9d420cfb377d5f22d5a54248a4d00788fe063145e20fe31,f6da98e87bd201d8a9d420cfb377d5f22d5a54248a4d00788fe063145e20fe31,22989,f6da98e87bd201d8a9d420cfb377d5f22d5a54248a4d00788fe063145e20fe31,author research output or factual provenance; third-party raster assets excluded
results/software_validation/synthetic_single_request.json,software_validation,"Main §6.5; SI S6 Table S9; 2000 attempts, 1894 accepted, 106 rejected, 61 flags; not real measurements",5729,88589bc73e84dbb63ad47a949759ffce29b3bf975688875b3c717edc20ab71b6,88589bc73e84dbb63ad47a949759ffce29b3bf975688875b3c717edc20ab71b6,5729,88589bc73e84dbb63ad47a949759ffce29b3bf975688875b3c717edc20ab71b6,author research output or factual provenance; third-party raster assets excluded
frozen_models/curved_complementary/POTS33/L0.json,frozen_models,Main Figs 2 and 6; Tables 3–5; SI S3–S5,35963,0bdabed5020c85c43b47a9953deb24c7a18aa5673336d9f02fde56dc9ee62359,0bdabed5020c85c43b47a9953deb24c7a18aa5673336d9f02fde56dc9ee62359,35963,0bdabed5020c85c43b47a9953deb24c7a18aa5673336d9f02fde56dc9ee62359,author research output or factual provenance; third-party raster assets excluded
frozen_models/curved_complementary/POTS33/L2.json,frozen_models,Main Figs 2 and 6; Tables 3–5; SI S3–S5,151733,da181dd1da9fa474749336f9e6381c5eb65c4573416e29fcd16a07bd6a1dcf03,da181dd1da9fa474749336f9e6381c5eb65c4573416e29fcd16a07bd6a1dcf03,151733,da181dd1da9fa474749336f9e6381c5eb65c4573416e29fcd16a07bd6a1dcf03,author research output or factual provenance; third-party raster assets excluded
frozen_models/curved_complementary/symmetric24/L0.json,frozen_models,Main Figs 2 and 6; Tables 3–5; SI S3–S5,36392,9b61c9e8156b91035f648ba98d2bad1cec8b7c627f5a66551916b871361bfed4,9b61c9e8156b91035f648ba98d2bad1cec8b7c627f5a66551916b871361bfed4,36392,9b61c9e8156b91035f648ba98d2bad1cec8b7c627f5a66551916b871361bfed4,author research output or factual provenance; third-party raster assets excluded
frozen_models/curved_complementary/symmetric24/L2.json,frozen_models,Main Figs 2 and 6; Tables 3–5; SI S3–S5,152177,812222124beac6e765943f219cc14462b81615d2ca363bc3c8b042384c1841bf,812222124beac6e765943f219cc14462b81615d2ca363bc3c8b042384c1841bf,152177,812222124beac6e765943f219cc14462b81615d2ca363bc3c8b042384c1841bf,author research output or factual provenance; third-party raster assets excluded
inputs/synthetic/curved/initial_xyz.json,synthetic_inputs,Main Methods §4 and SI S1–S5,1010,885f980dc407abb3a74a0af99e46e8bca2d187133db6fd48a55a229939ebc55e,885f980dc407abb3a74a0af99e46e8bca2d187133db6fd48a55a229939ebc55e,1010,885f980dc407abb3a74a0af99e46e8bca2d187133db6fd48a55a229939ebc55e,author research output or factual provenance; third-party raster assets excluded
inputs/synthetic/curved/observations_complementary.json,synthetic_inputs,Main Methods §4 and SI S1–S5,16319,284cab5d324e6c6fdcc96fdf7fb21a2f392da56754b7ef6ccd1addb048703a4b,284cab5d324e6c6fdcc96fdf7fb21a2f392da56754b7ef6ccd1addb048703a4b,16319,284cab5d324e6c6fdcc96fdf7fb21a2f392da56754b7ef6ccd1addb048703a4b,author research output or factual provenance; third-party raster assets excluded
inputs/synthetic/curved/reference_evaluation_only.json,synthetic_inputs,Main Methods §4 and SI S1–S5,687,2c9ea77b8792af7437bcef3685438a4c158e9f51d402751870b4d24d5b74c4aa,2c9ea77b8792af7437bcef3685438a4c158e9f51d402751870b4d24d5b74c4aa,687,2c9ea77b8792af7437bcef3685438a4c158e9f51d402751870b4d24d5b74c4aa,author research output or factual provenance; third-party raster assets excluded
inputs/synthetic/curved/cameras_train.json,synthetic_inputs,Main Methods §4 and SI S1–S5,1315,34a7979eb27c898978d05394cf43192fcc7448b99e26a02bcb094ebcaa078cf8,34a7979eb27c898978d05394cf43192fcc7448b99e26a02bcb094ebcaa078cf8,1315,34a7979eb27c898978d05394cf43192fcc7448b99e26a02bcb094ebcaa078cf8,author research output or factual provenance; third-party raster assets excluded
provenance/model_reuse/curved_complementary_POTS_reuse_receipt.json,model_reuse_receipts,Main Methods §4 and SI S1–S5,1013,7eb96ab5fe338152f040b54f1199042cb7559159686f0d0b8eb2c9c21b9042c0,47c723a8199792549d93ad845e79d7086ddedb184411889e8f1788633d04358b,946,47c723a8199792549d93ad845e79d7086ddedb184411889e8f1788633d04358b,author research output or factual provenance; third-party raster assets excluded
frozen_models/curved_common_gap/POTS33/L0.json,frozen_models,Main Figs 2 and 6; Tables 3–5; SI S3–S5,31647,68b335957fd327f9dd7b45ada270c6a624fe32aa1f169700e5dd28206685b39b,68b335957fd327f9dd7b45ada270c6a624fe32aa1f169700e5dd28206685b39b,31647,68b335957fd327f9dd7b45ada270c6a624fe32aa1f169700e5dd28206685b39b,author research output or factual provenance; third-party raster assets excluded
frozen_models/curved_common_gap/POTS33/L2.json,frozen_models,Main Figs 2 and 6; Tables 3–5; SI S3–S5,147428,643297738a4f137f38d209aee0ee770545b428d49d73c62447b41df6a81df39a,643297738a4f137f38d209aee0ee770545b428d49d73c62447b41df6a81df39a,147428,643297738a4f137f38d209aee0ee770545b428d49d73c62447b41df6a81df39a,author research output or factual provenance; third-party raster assets excluded
frozen_models/curved_common_gap/symmetric24/L0.json,frozen_models,Main Figs 2 and 6; Tables 3–5; SI S3–S5,32071,7f525e41ce213837c5b85d0279f51936dd520a8e68443a181dc3dc9dcb6d9455,7f525e41ce213837c5b85d0279f51936dd520a8e68443a181dc3dc9dcb6d9455,32071,7f525e41ce213837c5b85d0279f51936dd520a8e68443a181dc3dc9dcb6d9455,author research output or factual provenance; third-party raster assets excluded
frozen_models/curved_common_gap/symmetric24/L2.json,frozen_models,Main Figs 2 and 6; Tables 3–5; SI S3–S5,147832,fb88ebf0b4c4f6a1d94dfaa20a6f5139ea28285dc065b0f8929da21ab7688c6c,fb88ebf0b4c4f6a1d94dfaa20a6f5139ea28285dc065b0f8929da21ab7688c6c,147832,fb88ebf0b4c4f6a1d94dfaa20a6f5139ea28285dc065b0f8929da21ab7688c6c,author research output or factual provenance; third-party raster assets excluded
inputs/synthetic/curved/observations_common_gap.json,synthetic_inputs,Main Methods §4 and SI S1–S5,12846,76cbc53cdeeb1c77f3613e75d6784cb7137be4c3226206d38d65f9aa02a7b072,76cbc53cdeeb1c77f3613e75d6784cb7137be4c3226206d38d65f9aa02a7b072,12846,76cbc53cdeeb1c77f3613e75d6784cb7137be4c3226206d38d65f9aa02a7b072,author research output or factual provenance; third-party raster assets excluded
provenance/model_reuse/curved_common_gap_POTS_reuse_receipt.json,model_reuse_receipts,Main Methods §4 and SI S1–S5,1010,ae885a6a01de9e6616a01a4ff3af9f73084c83b5e51fe9bf7d2cebbde40f8809,9528e9e8c4f632c1a030b5767ae33259c8a6cd0ef9141526e7d453f038c99870,943,9528e9e8c4f632c1a030b5767ae33259c8a6cd0ef9141526e7d453f038c99870,author research output or factual provenance; third-party raster assets excluded
frozen_models/twisted_complementary/POTS33/L0.json,frozen_models,Main Figs 2 and 6; Tables 3–5; SI S3–S5,36310,3cba2763e0c5b0a05a11aaccf8e5fc2e1c0dfef12a6d8f114edfb41dc1d635b2,3cba2763e0c5b0a05a11aaccf8e5fc2e1c0dfef12a6d8f114edfb41dc1d635b2,36310,3cba2763e0c5b0a05a11aaccf8e5fc2e1c0dfef12a6d8f114edfb41dc1d635b2,author research output or factual provenance; third-party raster assets excluded
frozen_models/twisted_complementary/POTS33/L2.json,frozen_models,Main Figs 2 and 6; Tables 3–5; SI S3–S5,152113,34c1730f190b332c9cdc7a5a2b00d6725a43ab46f526184203d055d9338bf56c,34c1730f190b332c9cdc7a5a2b00d6725a43ab46f526184203d055d9338bf56c,152113,34c1730f190b332c9cdc7a5a2b00d6725a43ab46f526184203d055d9338bf56c,author research output or factual provenance; third-party raster assets excluded
frozen_models/twisted_complementary/symmetric24/L0.json,frozen_models,Main Figs 2 and 6; Tables 3–5; SI S3–S5,36709,49b30d90b7246699a5d9a1d486d16a630bb6d24c1e2a6971db67211813ac69af,49b30d90b7246699a5d9a1d486d16a630bb6d24c1e2a6971db67211813ac69af,36709,49b30d90b7246699a5d9a1d486d16a630bb6d24c1e2a6971db67211813ac69af,author research output or factual provenance; third-party raster assets excluded
frozen_models/twisted_complementary/symmetric24/L2.json,frozen_models,Main Figs 2 and 6; Tables 3–5; SI S3–S5,152540,b7cb52f1c20c6a46b5b1f697be05d128968e9daea185d668de12977305a222ae,b7cb52f1c20c6a46b5b1f697be05d128968e9daea185d668de12977305a222ae,152540,b7cb52f1c20c6a46b5b1f697be05d128968e9daea185d668de12977305a222ae,author research output or factual provenance; third-party raster assets excluded
inputs/synthetic/twisted/initial_xyz.json,synthetic_inputs,Main Methods §4 and SI S1–S5,996,1ff15277d97072879cadb262dffa3e994557342fbe1e456f39d3a986a6d42fe1,1ff15277d97072879cadb262dffa3e994557342fbe1e456f39d3a986a6d42fe1,996,1ff15277d97072879cadb262dffa3e994557342fbe1e456f39d3a986a6d42fe1,author research output or factual provenance; third-party raster assets excluded
inputs/synthetic/twisted/observations_complementary.json,synthetic_inputs,Main Methods §4 and SI S1–S5,16591,000d96cc7d01eee2f6dd130b20e8c6895e7467bcac6dbe4c2c0352206b6d3837,000d96cc7d01eee2f6dd130b20e8c6895e7467bcac6dbe4c2c0352206b6d3837,16591,000d96cc7d01eee2f6dd130b20e8c6895e7467bcac6dbe4c2c0352206b6d3837,author research output or factual provenance; third-party raster assets excluded
inputs/synthetic/twisted/reference_evaluation_only.json,synthetic_inputs,Main Methods §4 and SI S1–S5,571,b8f93c74c61fbc27e37f15e2b9f8c3a5fcd5ee736dce2b2c68980ce5ef45f15d,b8f93c74c61fbc27e37f15e2b9f8c3a5fcd5ee736dce2b2c68980ce5ef45f15d,571,b8f93c74c61fbc27e37f15e2b9f8c3a5fcd5ee736dce2b2c68980ce5ef45f15d,author research output or factual provenance; third-party raster assets excluded
provenance/model_reuse/twisted_complementary_POTS_reuse_receipt.json,model_reuse_receipts,Main Methods §4 and SI S1–S5,1014,d733243dd1496b9be303c85a5d4245b2735e9101ac288f7425173a4f28f6a065,b1316fb470002b0c52dd4d997d0315d8aa0de8e32251cd30b1821e099a354c5c,947,b1316fb470002b0c52dd4d997d0315d8aa0de8e32251cd30b1821e099a354c5c,author research output or factual provenance; third-party raster assets excluded
frozen_models/twisted_common_gap/POTS33/L0.json,frozen_models,Main Figs 2 and 6; Tables 3–5; SI S3–S5,31959,fb3b6d2a1bd56a9adedbe905c7f307dccb61eac48c1c7209fcf4065eb637b24a,fb3b6d2a1bd56a9adedbe905c7f307dccb61eac48c1c7209fcf4065eb637b24a,31959,fb3b6d2a1bd56a9adedbe905c7f307dccb61eac48c1c7209fcf4065eb637b24a,author research output or factual provenance; third-party raster assets excluded
frozen_models/twisted_common_gap/POTS33/L2.json,frozen_models,Main Figs 2 and 6; Tables 3–5; SI S3–S5,147771,ccb777f87c7f6722efd05db11d2aaca59298df1249351d3d18821e97d2a7a8ef,ccb777f87c7f6722efd05db11d2aaca59298df1249351d3d18821e97d2a7a8ef,147771,ccb777f87c7f6722efd05db11d2aaca59298df1249351d3d18821e97d2a7a8ef,author research output or factual provenance; third-party raster assets excluded
frozen_models/twisted_common_gap/symmetric24/L0.json,frozen_models,Main Figs 2 and 6; Tables 3–5; SI S3–S5,32387,b0a65f12ccbf969cb432d8d178d59a816c2142c4dd6dcf0a8ecd5e6f229ac721,b0a65f12ccbf969cb432d8d178d59a816c2142c4dd6dcf0a8ecd5e6f229ac721,32387,b0a65f12ccbf969cb432d8d178d59a816c2142c4dd6dcf0a8ecd5e6f229ac721,author research output or factual provenance; third-party raster assets excluded
frozen_models/twisted_common_gap/symmetric24/L2.json,frozen_models,Main Figs 2 and 6; Tables 3–5; SI S3–S5,148207,127ef88255c77a8359fe3b8248c013fbe11495a2e255a8be5d76ab58539f4bfe,127ef88255c77a8359fe3b8248c013fbe11495a2e255a8be5d76ab58539f4bfe,148207,127ef88255c77a8359fe3b8248c013fbe11495a2e255a8be5d76ab58539f4bfe,author research output or factual provenance; third-party raster assets excluded
inputs/synthetic/twisted/observations_common_gap.json,synthetic_inputs,Main Methods §4 and SI S1–S5,13122,527ef4c85918d86ad7fce68396e1c1d4d1d7257b83cebc2fbcf676011e254a84,527ef4c85918d86ad7fce68396e1c1d4d1d7257b83cebc2fbcf676011e254a84,13122,527ef4c85918d86ad7fce68396e1c1d4d1d7257b83cebc2fbcf676011e254a84,author research output or factual provenance; third-party raster assets excluded
provenance/model_reuse/twisted_common_gap_POTS_reuse_receipt.json,model_reuse_receipts,Main Methods §4 and SI S1–S5,1011,c643aa811f7dec8b71c07f2e610eab4b41a6e42747e26e46826302c0ad24d6db,9a153100e741e48f8e5977c17d85ecf316b4d7c1344a07d1615c31ec74565f51,944,9a153100e741e48f8e5977c17d85ecf316b4d7c1344a07d1615c31ec74565f51,author research output or factual provenance; third-party raster assets excluded
frozen_models/smooth_wave_common_gap/POTS33/L0.json,frozen_models,Main Figs 2 and 6; Tables 3–5; SI S3–S5,30987,7290a9394813786d3c0c7545f90320d04a8bca367a8f08072ddff2e97119a556,7290a9394813786d3c0c7545f90320d04a8bca367a8f08072ddff2e97119a556,30987,7290a9394813786d3c0c7545f90320d04a8bca367a8f08072ddff2e97119a556,author research output or factual provenance; third-party raster assets excluded
frozen_models/smooth_wave_common_gap/POTS33/L2.json,frozen_models,Main Figs 2 and 6; Tables 3–5; SI S3–S5,146809,c2099a47dbeb4c0f49eb9bd4bcfab328eb2cbdaa5bd0188c64c748233b1c48be,c2099a47dbeb4c0f49eb9bd4bcfab328eb2cbdaa5bd0188c64c748233b1c48be,146809,c2099a47dbeb4c0f49eb9bd4bcfab328eb2cbdaa5bd0188c64c748233b1c48be,author research output or factual provenance; third-party raster assets excluded
frozen_models/smooth_wave_common_gap/symmetric24/L0.json,frozen_models,Main Figs 2 and 6; Tables 3–5; SI S3–S5,31400,24a26d733b988f456c14832fa6abee0e144e29e9024cf4f61a539a12c6fc3720,24a26d733b988f456c14832fa6abee0e144e29e9024cf4f61a539a12c6fc3720,31400,24a26d733b988f456c14832fa6abee0e144e29e9024cf4f61a539a12c6fc3720,author research output or factual provenance; third-party raster assets excluded
frozen_models/smooth_wave_common_gap/symmetric24/L2.json,frozen_models,Main Figs 2 and 6; Tables 3–5; SI S3–S5,147192,8146c36ceed9a992de41e18884356cf1c812c384806e590cc440b78573586e10,8146c36ceed9a992de41e18884356cf1c812c384806e590cc440b78573586e10,147192,8146c36ceed9a992de41e18884356cf1c812c384806e590cc440b78573586e10,author research output or factual provenance; third-party raster assets excluded
inputs/synthetic/smooth_wave/initial_xyz.json,synthetic_inputs,Main Methods §4 and SI S1–S5,1003,868191e3ab9ef0b4d9eab66df042894be752ba0d1e20a140c49e4ada52c8fc03,868191e3ab9ef0b4d9eab66df042894be752ba0d1e20a140c49e4ada52c8fc03,1003,868191e3ab9ef0b4d9eab66df042894be752ba0d1e20a140c49e4ada52c8fc03,author research output or factual provenance; third-party raster assets excluded
inputs/synthetic/smooth_wave/observations_train.json,synthetic_inputs,Main Methods §4 and SI S1–S5,12278,c10b6dc491d79873539c5f04196a3cd911a7f419a7c59ec6d1f0c00b0166b23c,c10b6dc491d79873539c5f04196a3cd911a7f419a7c59ec6d1f0c00b0166b23c,12278,c10b6dc491d79873539c5f04196a3cd911a7f419a7c59ec6d1f0c00b0166b23c,author research output or factual provenance; third-party raster assets excluded
inputs/synthetic/smooth_wave/reference_dense_evaluation_only.npz,synthetic_inputs,Main Methods §4 and SI S1–S5,34242,851271b90dce388bb8eb9af457a5f4329661eb8d29020e3dd12342679aee89ef,851271b90dce388bb8eb9af457a5f4329661eb8d29020e3dd12342679aee89ef,34242,851271b90dce388bb8eb9af457a5f4329661eb8d29020e3dd12342679aee89ef,author research output or factual provenance; third-party raster assets excluded
provenance/model_reuse/smooth_wave_common_gap_POTS_reuse_receipt.json,model_reuse_receipts,Main Methods §4 and SI S1–S5,906,a502b9d6eed3aecf67eda66603c9bff8f15eb001491a0b34db782e0e56ebe961,8569bbe37b9387588f053dfe34738363139533665b716ec43222bf55f6db053a,840,8569bbe37b9387588f053dfe34738363139533665b716ec43222bf55f6db053a,author research output or factual provenance; third-party raster assets excluded
frozen_models/smooth_twist_common_gap/POTS33/L0.json,frozen_models,Main Figs 2 and 6; Tables 3–5; SI S3–S5,30640,12fee727b37722af9b2f0b44f90b72ea4c5a14fc284387b4dbf5083de0742256,12fee727b37722af9b2f0b44f90b72ea4c5a14fc284387b4dbf5083de0742256,30640,12fee727b37722af9b2f0b44f90b72ea4c5a14fc284387b4dbf5083de0742256,author research output or factual provenance; third-party raster assets excluded
frozen_models/smooth_twist_common_gap/POTS33/L2.json,frozen_models,Main Figs 2 and 6; Tables 3–5; SI S3–S5,146547,8e9300c631a42b3c07baeea7e88aa8e49d8449efb9c39c88f95d7d2cd9b7428e,8e9300c631a42b3c07baeea7e88aa8e49d8449efb9c39c88f95d7d2cd9b7428e,146547,8e9300c631a42b3c07baeea7e88aa8e49d8449efb9c39c88f95d7d2cd9b7428e,author research output or factual provenance; third-party raster assets excluded
frozen_models/smooth_twist_common_gap/symmetric24/L0.json,frozen_models,Main Figs 2 and 6; Tables 3–5; SI S3–S5,31071,f3038043f5c1210bdd43c02be0575871a0255a706a627dfbf1294aa5fb350f8c,f3038043f5c1210bdd43c02be0575871a0255a706a627dfbf1294aa5fb350f8c,31071,f3038043f5c1210bdd43c02be0575871a0255a706a627dfbf1294aa5fb350f8c,author research output or factual provenance; third-party raster assets excluded
frozen_models/smooth_twist_common_gap/symmetric24/L2.json,frozen_models,Main Figs 2 and 6; Tables 3–5; SI S3–S5,146920,ecbb2f27eef12ffca81c13a88a41f1489d7c0771cad3eec64e3d446b761a073e,ecbb2f27eef12ffca81c13a88a41f1489d7c0771cad3eec64e3d446b761a073e,146920,ecbb2f27eef12ffca81c13a88a41f1489d7c0771cad3eec64e3d446b761a073e,author research output or factual provenance; third-party raster assets excluded
inputs/synthetic/smooth_twist/initial_xyz.json,synthetic_inputs,Main Methods §4 and SI S1–S5,1000,10a7d048b49615089973380dea169db16a375e0ff7f3f225c82213629bf28ace,10a7d048b49615089973380dea169db16a375e0ff7f3f225c82213629bf28ace,1000,10a7d048b49615089973380dea169db16a375e0ff7f3f225c82213629bf28ace,author research output or factual provenance; third-party raster assets excluded
inputs/synthetic/smooth_twist/observations_train.json,synthetic_inputs,Main Methods §4 and SI S1–S5,11999,870e425f6d22ad24465faa07cb6cadd8b758d70cff93e3bf8bdba2527164c7cd,870e425f6d22ad24465faa07cb6cadd8b758d70cff93e3bf8bdba2527164c7cd,11999,870e425f6d22ad24465faa07cb6cadd8b758d70cff93e3bf8bdba2527164c7cd,author research output or factual provenance; third-party raster assets excluded
inputs/synthetic/smooth_twist/reference_dense_evaluation_only.npz,synthetic_inputs,Main Methods §4 and SI S1–S5,42918,6ec7f15a219071f4df3f0397e7459ee12899a479bd004cd8eb14c5546b6199ce,6ec7f15a219071f4df3f0397e7459ee12899a479bd004cd8eb14c5546b6199ce,42918,6ec7f15a219071f4df3f0397e7459ee12899a479bd004cd8eb14c5546b6199ce,author research output or factual provenance; third-party raster assets excluded
provenance/model_reuse/smooth_twist_common_gap_POTS_reuse_receipt.json,model_reuse_receipts,Main Methods §4 and SI S1–S5,907,77781c5acf4355408da43e7e114df4a25cdc53ed5f177325e22a621755846454,a019160911b62b742055362483a9c1fb825fbf3631eb3ebdccfbb99cff8343b7,841,a019160911b62b742055362483a9c1fb825fbf3631eb3ebdccfbb99cff8343b7,author research output or factual provenance; third-party raster assets excluded
frozen_models/real_known_pilot/POTS33/L0.json,frozen_models,Main Figs 2 and 6; Tables 3–5; SI S3–S5,29514,d161b6426d89dc383e21bed98393700726dd6599cf38feaddaa9a7b902cd0c53,d161b6426d89dc383e21bed98393700726dd6599cf38feaddaa9a7b902cd0c53,29514,d161b6426d89dc383e21bed98393700726dd6599cf38feaddaa9a7b902cd0c53,author research output or factual provenance; third-party raster assets excluded
frozen_models/real_known_pilot/POTS33/L2.json,frozen_models,Main Figs 2 and 6; Tables 3–5; SI S3–S5,155358,bb530ccc185e8edc97e35ea1ceba3fa79e85e3801a4101352aaa6aa79b80ff7a,bb530ccc185e8edc97e35ea1ceba3fa79e85e3801a4101352aaa6aa79b80ff7a,155358,bb530ccc185e8edc97e35ea1ceba3fa79e85e3801a4101352aaa6aa79b80ff7a,author research output or factual provenance; third-party raster assets excluded
frozen_models/real_known_pilot/symmetric24/L0.json,frozen_models,Main Figs 2 and 6; Tables 3–5; SI S3–S5,29638,4fa18b07938e3de7ac824324ac7d9c198856ef7b18ed2ef85e8cdb91e028fe03,4fa18b07938e3de7ac824324ac7d9c198856ef7b18ed2ef85e8cdb91e028fe03,29638,4fa18b07938e3de7ac824324ac7d9c198856ef7b18ed2ef85e8cdb91e028fe03,author research output or factual provenance; third-party raster assets excluded
frozen_models/real_known_pilot/symmetric24/L2.json,frozen_models,Main Figs 2 and 6; Tables 3–5; SI S3–S5,155487,844d8ca54b45c9a7cc6e30a1d1dc3d8218b3d98aefd2d039782a30b66a64a123,844d8ca54b45c9a7cc6e30a1d1dc3d8218b3d98aefd2d039782a30b66a64a123,155487,844d8ca54b45c9a7cc6e30a1d1dc3d8218b3d98aefd2d039782a30b66a64a123,author research output or factual provenance; third-party raster assets excluded
inputs/real/real_known_pilot/prepared_training.json,real_prepared_inputs,Main Methods §4 and SI S1–S5,18281,04008c725c0a81c2b9a97f5390383628040adcc765dfaccf6ee19ea495b35fa4,04008c725c0a81c2b9a97f5390383628040adcc765dfaccf6ee19ea495b35fa4,18281,04008c725c0a81c2b9a97f5390383628040adcc765dfaccf6ee19ea495b35fa4,author research output or factual provenance; third-party raster assets excluded
provenance/model_reuse/real_known_pilot_POTS_reuse_receipt.json,model_reuse_receipts,Main Methods §4 and SI S1–S5,1303,7cd3f4f69ee23020334fc39958ac8336cd29cd0b7487396526e7238b694e351d,e54bbb958198f54d9fed840ddb3109635c94eedcffede566beefe36e1962abd4,1240,e54bbb958198f54d9fed840ddb3109635c94eedcffede566beefe36e1962abd4,author research output or factual provenance; third-party raster assets excluded
frozen_models/real_p01/POTS33/L0.json,frozen_models,Main Figs 2 and 6; Tables 3–5; SI S3–S5,28165,b24fab7798ef64660ead1f5a3ee2b14f7a3e0e2317e573357a6f6949c128c268,b24fab7798ef64660ead1f5a3ee2b14f7a3e0e2317e573357a6f6949c128c268,28165,b24fab7798ef64660ead1f5a3ee2b14f7a3e0e2317e573357a6f6949c128c268,author research output or factual provenance; third-party raster assets excluded
frozen_models/real_p01/POTS33/L2.json,frozen_models,Main Figs 2 and 6; Tables 3–5; SI S3–S5,147673,e3111a39d98c7fb6991a377a565cc637c5bc35d9c7beed1d8a05aa5f49bd925a,e3111a39d98c7fb6991a377a565cc637c5bc35d9c7beed1d8a05aa5f49bd925a,147673,e3111a39d98c7fb6991a377a565cc637c5bc35d9c7beed1d8a05aa5f49bd925a,author research output or factual provenance; third-party raster assets excluded
frozen_models/real_p01/symmetric24/L0.json,frozen_models,Main Figs 2 and 6; Tables 3–5; SI S3–S5,28572,f5d128ceee214ab080a24e1b9694277fe509d5e521542cd72e36878370b7b56e,f5d128ceee214ab080a24e1b9694277fe509d5e521542cd72e36878370b7b56e,28572,f5d128ceee214ab080a24e1b9694277fe509d5e521542cd72e36878370b7b56e,author research output or factual provenance; third-party raster assets excluded
frozen_models/real_p01/symmetric24/L2.json,frozen_models,Main Figs 2 and 6; Tables 3–5; SI S3–S5,148096,1714bc683d76413a8d8bf7c28d55dcff44283fe0430266cec95bbe8aafacec15,1714bc683d76413a8d8bf7c28d55dcff44283fe0430266cec95bbe8aafacec15,148096,1714bc683d76413a8d8bf7c28d55dcff44283fe0430266cec95bbe8aafacec15,author research output or factual provenance; third-party raster assets excluded
inputs/real/real_p01/prepared_training.json,real_prepared_inputs,Main Methods §4 and SI S1–S5,21137,aabedd357d70d99f6163c734282f5369814707e4b8ef1e48935f370a01a9b758,217748d43b12c6ced9b3f7631cdae9c5ebfb58936d392688c53fdb6494bc932d,20907,217748d43b12c6ced9b3f7631cdae9c5ebfb58936d392688c53fdb6494bc932d,author research output or factual provenance; third-party raster assets excluded
frozen_models/real_p02/POTS33/L0.json,frozen_models,Main Figs 2 and 6; Tables 3–5; SI S3–S5,28300,ee4f13013381b17ba7c82a4ec64dfc98b2e38cc1d2ad90edee4730bdd4b3911f,ee4f13013381b17ba7c82a4ec64dfc98b2e38cc1d2ad90edee4730bdd4b3911f,28300,ee4f13013381b17ba7c82a4ec64dfc98b2e38cc1d2ad90edee4730bdd4b3911f,author research output or factual provenance; third-party raster assets excluded
frozen_models/real_p02/POTS33/L2.json,frozen_models,Main Figs 2 and 6; Tables 3–5; SI S3–S5,147901,911f4e2d29a40520497565a91cd75eefdd0708346eb1cc3af37bb6c113dbc6d8,911f4e2d29a40520497565a91cd75eefdd0708346eb1cc3af37bb6c113dbc6d8,147901,911f4e2d29a40520497565a91cd75eefdd0708346eb1cc3af37bb6c113dbc6d8,author research output or factual provenance; third-party raster assets excluded
frozen_models/real_p02/symmetric24/L0.json,frozen_models,Main Figs 2 and 6; Tables 3–5; SI S3–S5,28715,f7c8851799690112c00f52fe27f9443970f947bcad427e8befaa722dfc49dcd4,f7c8851799690112c00f52fe27f9443970f947bcad427e8befaa722dfc49dcd4,28715,f7c8851799690112c00f52fe27f9443970f947bcad427e8befaa722dfc49dcd4,author research output or factual provenance; third-party raster assets excluded
frozen_models/real_p02/symmetric24/L2.json,frozen_models,Main Figs 2 and 6; Tables 3–5; SI S3–S5,148327,496d57233495e06156bb5ac5063ab0b21874983b7e02961389721de8ddc9074d,496d57233495e06156bb5ac5063ab0b21874983b7e02961389721de8ddc9074d,148327,496d57233495e06156bb5ac5063ab0b21874983b7e02961389721de8ddc9074d,author research output or factual provenance; third-party raster assets excluded
inputs/real/real_p02/prepared_training.json,real_prepared_inputs,Main Methods §4 and SI S1–S5,21427,1af3f74f03865b778394cd293fd9f59fc2d4f47e56be83d720e1e7c948504d1f,b275329b6050037391e32f5b8e63c8de47fb224c0dde12a6b2ae6b4153152fdf,21197,b275329b6050037391e32f5b8e63c8de47fb224c0dde12a6b2ae6b4153152fdf,author research output or factual provenance; third-party raster assets excluded
inputs/real/annotations/p00_original_review.json,real_annotation_provenance,"Main §3–4, §6.1–6.2; Fig 2; SI S1/S3/S5/S7–S10",195406,81a49731fdc87f4e15d0c7aecf012d25f5ffcda4b2880fa0e10594abe89473e6,17acad4544812dc0473fe8fa4ea498ff3b26b65c8467289c3bde26d860ec3eac,193832,17acad4544812dc0473fe8fa4ea498ff3b26b65c8467289c3bde26d860ec3eac,author research output or factual provenance; third-party raster assets excluded
inputs/real/annotations/p00_review_with_confirmation.json,real_annotation_provenance,"Main §3–4, §6.1–6.2; Fig 2; SI S1/S3/S5/S7–S10",129526,8f4e2b02a69bc3e9afdb94b073314ec5fa60fae9788d6686e4b7dee32a2ef6d3,b1e6363792191bd8a1e0a4f1ecff89c4849a671dfc3bcc63f1b6c6731e1ba87a,129064,b1e6363792191bd8a1e0a4f1ecff89c4849a671dfc3bcc63f1b6c6731e1ba87a,author research output or factual provenance; third-party raster assets excluded
provenance/real/p00_input_audit.json,real_provenance,"Main §3–4, §6.1–6.2; Fig 2; SI S1/S3/S5/S7–S10",9565,8db2bd7fb01d7f980ab066f1429cfa7626b185922c60e1a42e0b4ec795147eb0,0e5a22c7836ac2e2af542dfdc81002d73e54cbe5e871fdcd6db6616391406ced,8666,2b19ea24d5f1153836ddf0343fc18a881978c8480605a2b73a6621a862793180,author research output or factual provenance; third-party raster assets excluded
inputs/real/annotations/p01_p02_p03_review_export.json,real_annotation_provenance,"Main §3–4, §6.1–6.2; Fig 2; SI S1/S3/S5/S7–S10",50078,cd6b72b9e9fc468aeeab201c29514ceef51eb92e43a5eec7ebf03a4015981bc5,082f42a101a7463b0e8dd4e787a160304bbf72d3806992490481bc3d0cb5d04b,48140,a4e9ca8065b96d3326bc4dfa89e8521076c574f7ea61ba501c07990fc9d5eb7f,author research output or factual provenance; third-party raster assets excluded
provenance/real/review_export_gate.json,real_provenance,"Main §3–4, §6.1–6.2; Fig 2; SI S1/S3/S5/S7–S10",8382,b41e97407478cf5b7035f5ea589f6a59e1cc55afdefead9390c71399a206e37e,5aec6db64d6a0f35fdf38b3ef5e8a4564cdfbccb32acf10bba80b8ad0171a889,8788,5aec6db64d6a0f35fdf38b3ef5e8a4564cdfbccb32acf10bba80b8ad0171a889,author research output or factual provenance; third-party raster assets excluded
provenance/real/source_manifest_received.json,real_provenance,"Main §3–4, §6.1–6.2; Fig 2; SI S1/S3/S5/S7–S10",21097,e0a7c342f3b489094c587b8c6ec29d67f0ba9d17c626cb23ffb13cdf0082c085,ae50030b037c25acd8dca1fa37600f3d552cebd8b61d4d70a8ef9ebc5469779a,19159,8735fd3b42b45d5c7ce76817a0954898089a34f69cc4dca6733bfd029106665c,author research output or factual provenance; third-party raster assets excluded
provenance/real/prepared_inputs_frozen_before_fit.json,real_provenance,"Main §3–4, §6.1–6.2; Fig 2; SI S1/S3/S5/S7–S10",682,919ceb08fae7fc9eef1dcc55afe99b50d31b3931b2808f2e3a0ba8d8cef0a72c,919ceb08fae7fc9eef1dcc55afe99b50d31b3931b2808f2e3a0ba8d8cef0a72c,682,919ceb08fae7fc9eef1dcc55afe99b50d31b3931b2808f2e3a0ba8d8cef0a72c,author research output or factual provenance; third-party raster assets excluded
provenance/real/protocol_before_new_real_fit.json,real_provenance,"Main §3–4, §6.1–6.2; Fig 2; SI S1/S3/S5/S7–S10",3634,a797e5595fd267ad8fd3d895898f5741dffff368daaee3b685be57fee611d920,a797e5595fd267ad8fd3d895898f5741dffff368daaee3b685be57fee611d920,3634,a797e5595fd267ad8fd3d895898f5741dffff368daaee3b685be57fee611d920,author research output or factual provenance; third-party raster assets excluded
provenance/real/fit_completion_before_evaluation.json,real_provenance,"Main §3–4, §6.1–6.2; Fig 2; SI S1/S3/S5/S7–S10",9187,5f5e9ba2998902d1f88972a4fd2afc480d5872731423618c7653e3b440b09828,5f5e9ba2998902d1f88972a4fd2afc480d5872731423618c7653e3b440b09828,9187,5f5e9ba2998902d1f88972a4fd2afc480d5872731423618c7653e3b440b09828,author research output or factual provenance; third-party raster assets excluded
provenance/real/evaluation_protocol_before_fetch.json,real_provenance,"Main §3–4, §6.1–6.2; Fig 2; SI S1/S3/S5/S7–S10",11385,0dc12d84063d10f052eaf1b9a092d2ca5de9f88486746362bc2aa89c80b1683c,0dc12d84063d10f052eaf1b9a092d2ca5de9f88486746362bc2aa89c80b1683c,11385,0dc12d84063d10f052eaf1b9a092d2ca5de9f88486746362bc2aa89c80b1683c,author research output or factual provenance; third-party raster assets excluded
provenance/real/evaluation_download_receipt.json,real_provenance,"Main §3–4, §6.1–6.2; Fig 2; SI S1/S3/S5/S7–S10",4138,0e99f575bde93da79074b07d21b69e54b19073c6676b8db262b150a2bccb844f,0e99f575bde93da79074b07d21b69e54b19073c6676b8db262b150a2bccb844f,4138,0e99f575bde93da79074b07d21b69e54b19073c6676b8db262b150a2bccb844f,author research output or factual provenance; third-party raster assets excluded
provenance/real/evaluation_identification_corrections.json,real_provenance,"Main §3–4, §6.1–6.2; Fig 2; SI S1/S3/S5/S7–S10",2131,2a830f9147bff4ee8f85b8a79046e1741fa09c0f26acab05c5f4410c34602ba6,41f997d3e335d2303f2ba1f270d3dd1459c9268553ba1122e6645801ef13e6fb,1859,41f997d3e335d2303f2ba1f270d3dd1459c9268553ba1122e6645801ef13e6fb,author research output or factual provenance; third-party raster assets excluded
results/real/projection_metrics.csv,real_projection_results,"Main §3–4, §6.1–6.2; Fig 2; SI S1/S3/S5/S7–S10",2290,8b16328a085c17f8b8fc65b57fce80f95b1f3a2ef70719de5f19928732348ec5,8b16328a085c17f8b8fc65b57fce80f95b1f3a2ef70719de5f19928732348ec5,2290,8b16328a085c17f8b8fc65b57fce80f95b1f3a2ef70719de5f19928732348ec5,author research output or factual provenance; third-party raster assets excluded
results/real/projection_metrics.json,real_projection_results,"Main §3–4, §6.1–6.2; Fig 2; SI S1/S3/S5/S7–S10",7156,6994a28c9605b7ac32a3e8e62efb1021160c96cc49c68278ac7eb1eff2cc43fd,6994a28c9605b7ac32a3e8e62efb1021160c96cc49c68278ac7eb1eff2cc43fd,7156,6994a28c9605b7ac32a3e8e62efb1021160c96cc49c68278ac7eb1eff2cc43fd,author research output or factual provenance; third-party raster assets excluded
provenance/real/p00_candidate_manifest.json,real_camera_provenance,"Main §3–4, §6.1–6.2; Fig 2; SI S1/S3/S5/S7–S10",8029,d31e7465357784e00c5653b9c0aafecd0e3001d5b81cfe656241672ed03f385f,372137b3b68b404c0cb37827f82993616976dd603066c91f5dc8477ea2ede569,7585,9d58d4767fabad9d25aa51cffad16066a0b2666329b55a6ec05b95dddb26f5b3,author research output or factual provenance; third-party raster assets excluded
inputs/real/cameras/calibration_result.json,real_camera_provenance,"Main §3–4, §6.1–6.2; Fig 2; SI S1/S3/S5/S7–S10",11462,7c75390bc20f716c072f4e556eaa482c1337b63d15440d572a95272228756702,7c75390bc20f716c072f4e556eaa482c1337b63d15440d572a95272228756702,11462,7c75390bc20f716c072f4e556eaa482c1337b63d15440d572a95272228756702,author research output or factual provenance; third-party raster assets excluded
inputs/real/cameras/calibration_protocol.json,real_camera_provenance,"Main §3–4, §6.1–6.2; Fig 2; SI S1/S3/S5/S7–S10",1250,c321667b0248cdf233d645945eea54936612b5b6fadb2062b87067ff34dcbce2,c321667b0248cdf233d645945eea54936612b5b6fadb2062b87067ff34dcbce2,1250,c321667b0248cdf233d645945eea54936612b5b6fadb2062b87067ff34dcbce2,author research output or factual provenance; third-party raster assets excluded
inputs/real/cameras/p00_crop_mapping.json,real_camera_provenance,"Main §3–4, §6.1–6.2; Fig 2; SI S1/S3/S5/S7–S10",1361,5c8395ce0b54df835e2c18e6ef7e04749d252a38280d45752590f41e9dfafa5d,5c8395ce0b54df835e2c18e6ef7e04749d252a38280d45752590f41e9dfafa5d,1361,5c8395ce0b54df835e2c18e6ef7e04749d252a38280d45752590f41e9dfafa5d,author research output or factual provenance; third-party raster assets excluded
inputs/real/cameras/additional_crop_mapping.json,real_camera_provenance,"Main §3–4, §6.1–6.2; Fig 2; SI S1/S3/S5/S7–S10",6247,038d9e33d42a791e2f8e02844e2295e89360177730129baa629aa87b12cc2f9f,90d098f628aca04f07ebe4ec50c779a8e53816145dde3733678c3007e1716cdb,5192,a884ca9a6f035c28fd7f6e6cc521f1be680001f78dc875f28b1e7ef5e323c8e3,author research output or factual provenance; third-party raster assets excluded
provenance/real/p01_p02_p03_candidate_manifest.json,real_camera_provenance,"Main §3–4, §6.1–6.2; Fig 2; SI S1/S3/S5/S7–S10",37497,0497cc03fecfacc48d30c1caa0f4244875eb719b125c12137906b19fcfbed32f,4f1c3c9cb3e9a0e082cc66b6deec2b889d550597887451377f1d9b7a5db75bf3,35218,292104083f6eb873571ef4a6d0a3f6b2537a7bb6ece3a5472bf99df329b8ac33,author research output or factual provenance; third-party raster assets excluded
provenance/real/scale_binding_audit.json,real_scale_limitations,"Main §3–4, §6.1–6.2; Fig 2; SI S1/S3/S5/S7–S10",12940,c565d39a57c43ba4874906e5d2e67d6cc19da300ba516e0178340b33b11cabd7,94892215efa5200c6fd679d3d2880e9fc9313cc3c204a1916406f2e2a0effaa8,12799,fd0d74977d1cce3a8327faf931599ed27a1fa46a825d4bc5b7d7a3224b3afbab,author research output or factual provenance; third-party raster assets excluded
results/real/projection/p00/POTS33/evaluation_result.json,real_projection_results,"Main §6.2; SI S5: previously inspected view 01, not fresh independent test",1769,1b70a33afa26d9c5fadf7c516a2f2745ded5c223ae90839baf12981745ad1fb8,1b70a33afa26d9c5fadf7c516a2f2745ded5c223ae90839baf12981745ad1fb8,1769,1b70a33afa26d9c5fadf7c516a2f2745ded5c223ae90839baf12981745ad1fb8,author research output or factual provenance; third-party raster assets excluded
results/real/projection/p00/POTS33/projection_data.json,real_projection_results,"Main §6.2; SI S5: previously inspected view 01, not fresh independent test",122939,3e95d4ce86b241ee7c8b63fea4cf819a3eee2e42afdff1b1b0a7594097e89d59,feda623d11a1b1d524e8699a8211a7e1e9cbd09fb034b0810a604e2800f6e0ef,122651,f9077acb2878b90ef31e824dfc624beb53f6a4dbacc08be0901a7cad2d5e9465,author research output or factual provenance; third-party raster assets excluded
results/real/projection/p00/POTS33/metrics.csv,real_projection_results,"Main §6.2; SI S5: previously inspected view 01, not fresh independent test",478,f828421a60ef7e003c266b74c7f6f9809ebb8229aaa53a12a2c36addc91b7dd0,f828421a60ef7e003c266b74c7f6f9809ebb8229aaa53a12a2c36addc91b7dd0,478,f828421a60ef7e003c266b74c7f6f9809ebb8229aaa53a12a2c36addc91b7dd0,author research output or factual provenance; third-party raster assets excluded
results/real/projection/p01/POTS33/evaluation_result.json,real_projection_results,"Main §6.2; SI S5: previously inspected view 01, not fresh independent test",1770,8a398ff87bdab4b31d8ad075ad9cf0304ada107b93a582017b4639ddfb13d116,8a398ff87bdab4b31d8ad075ad9cf0304ada107b93a582017b4639ddfb13d116,1770,8a398ff87bdab4b31d8ad075ad9cf0304ada107b93a582017b4639ddfb13d116,author research output or factual provenance; third-party raster assets excluded
results/real/projection/p01/POTS33/projection_data.json,real_projection_results,"Main §6.2; SI S5: previously inspected view 01, not fresh independent test",123157,2598ecac7e536b3fbc181d885ed1dde42b317b52b5716922eb2297ccf5356de8,16fb085feb993f6863017b2ffd73f04fb4b329cdf8dd2d81d45f5e9ad438addd,122833,62a137a6db4e105e74a452227af8e43824d6a94fdb479e0922fe7330468f20eb,author research output or factual provenance; third-party raster assets excluded
results/real/projection/p01/POTS33/metrics.csv,real_projection_results,"Main §6.2; SI S5: previously inspected view 01, not fresh independent test",479,cb801f46c216d6bf6bc75ad17de5b4dd8ee1eb99b49de61ad83e4e776e1909ae,cb801f46c216d6bf6bc75ad17de5b4dd8ee1eb99b49de61ad83e4e776e1909ae,479,cb801f46c216d6bf6bc75ad17de5b4dd8ee1eb99b49de61ad83e4e776e1909ae,author research output or factual provenance; third-party raster assets excluded
results/real/projection/p01/symmetric24/evaluation_result.json,real_projection_results,"Main §6.2; SI S5: previously inspected view 01, not fresh independent test",1768,224908cc5ff8a113873cae005fd5a00e35e66bc15a48c1576162da6aa685ae58,224908cc5ff8a113873cae005fd5a00e35e66bc15a48c1576162da6aa685ae58,1768,224908cc5ff8a113873cae005fd5a00e35e66bc15a48c1576162da6aa685ae58,author research output or factual provenance; third-party raster assets excluded
results/real/projection/p01/symmetric24/projection_data.json,real_projection_results,"Main §6.2; SI S5: previously inspected view 01, not fresh independent test",123171,e08528bc532b6c7e67fb92632e7d064427fb73fb31ba8aede9c58d91a0a781d8,c5d55a159d9d01eb4c1cad50b15249c6826ea8edb5bb24a176e2e2551fd94f7c,122847,47e0c35adeffc67486db0d673d3c6ef1ee36b94bd8973894e3ba5751d6ae0c69,author research output or factual provenance; third-party raster assets excluded
results/real/projection/p01/symmetric24/metrics.csv,real_projection_results,"Main §6.2; SI S5: previously inspected view 01, not fresh independent test",477,d49846376e1a06c26ff88d75181bb457581cc28decca7bbb1a028a718978472c,d49846376e1a06c26ff88d75181bb457581cc28decca7bbb1a028a718978472c,477,d49846376e1a06c26ff88d75181bb457581cc28decca7bbb1a028a718978472c,author research output or factual provenance; third-party raster assets excluded
results/real/projection/p02/POTS33/evaluation_result.json,real_projection_results,"Main §6.2; SI S5: previously inspected view 01, not fresh independent test",1770,a0addeffbdf129ad3e507da9d58596bb7b63c22762453dbd4a7d796d229f37d9,a0addeffbdf129ad3e507da9d58596bb7b63c22762453dbd4a7d796d229f37d9,1770,a0addeffbdf129ad3e507da9d58596bb7b63c22762453dbd4a7d796d229f37d9,author research output or factual provenance; third-party raster assets excluded
results/real/projection/p02/POTS33/projection_data.json,real_projection_results,"Main §6.2; SI S5: previously inspected view 01, not fresh independent test",122951,d39ca733f28427c9400835d738608f6c3d02e66260ba1c8d9e99f51951aa0754,d26a069855bbab89b5403416fceff37a340a0333911f56b1f48bd952cd9ef141,122627,2c0372be286bd4c14d11d2021d85b56e9d3c8fe035d0dbe2015c2a1e45c18b9b,author research output or factual provenance; third-party raster assets excluded
results/real/projection/p02/POTS33/metrics.csv,real_projection_results,"Main §6.2; SI S5: previously inspected view 01, not fresh independent test",479,d69884b9f09f08fa7d62acdbae37df6487fe905a7bbbf2a4472fbc589b086a83,d69884b9f09f08fa7d62acdbae37df6487fe905a7bbbf2a4472fbc589b086a83,479,d69884b9f09f08fa7d62acdbae37df6487fe905a7bbbf2a4472fbc589b086a83,author research output or factual provenance; third-party raster assets excluded
results/real/projection/p02/symmetric24/evaluation_result.json,real_projection_results,"Main §6.2; SI S5: previously inspected view 01, not fresh independent test",1768,398d5b1779c9c7f7cdb15ce3c0ed56a7c395dd6f6874bfd3bbaac555f676a196,398d5b1779c9c7f7cdb15ce3c0ed56a7c395dd6f6874bfd3bbaac555f676a196,1768,398d5b1779c9c7f7cdb15ce3c0ed56a7c395dd6f6874bfd3bbaac555f676a196,author research output or factual provenance; third-party raster assets excluded
results/real/projection/p02/symmetric24/projection_data.json,real_projection_results,"Main §6.2; SI S5: previously inspected view 01, not fresh independent test",122999,c3a43d1644d68326f6101f0df3289cce6fd4c4b3277c48f97292562bff02e59f,5bb0378be2692432464bcebb5f8f489c9917a42714e73c2ee44ca77b7aa00430,122675,f4fa3ee928ff7905ad3b573e0c7cd62f1a51d3cbca39fc94e305cb82cd23fd24,author research output or factual provenance; third-party raster assets excluded
results/real/projection/p02/symmetric24/metrics.csv,real_projection_results,"Main §6.2; SI S5: previously inspected view 01, not fresh independent test",477,26eb3e349adb225798cfd7064f8a06a93a7c8f29808a7ece8cff5fc21ae84926,26eb3e349adb225798cfd7064f8a06a93a7c8f29808a7ece8cff5fc21ae84926,477,26eb3e349adb225798cfd7064f8a06a93a7c8f29808a7ece8cff5fc21ae84926,author research output or factual provenance; third-party raster assets excluded
supplement_source_data/condition_ARE.csv,supplement_table_sources,"SI S1–S9 table source data; future_design/template_inventory are planning metadata, not observations",311,65a1bce1ead73eada63dedd893b59f7fc102cc036d96d6a06c79f222122b1f61,65a1bce1ead73eada63dedd893b59f7fc102cc036d96d6a06c79f222122b1f61,311,65a1bce1ead73eada63dedd893b59f7fc102cc036d96d6a06c79f222122b1f61,author research output or factual provenance; third-party raster assets excluded
supplement_source_data/failure_summary.csv,supplement_table_sources,"SI S1–S9 table source data; future_design/template_inventory are planning metadata, not observations",200,529549f267521898b8996c8ad0bf82193bce02e179d92d5e4cfda064c2d6aae7,529549f267521898b8996c8ad0bf82193bce02e179d92d5e4cfda064c2d6aae7,200,529549f267521898b8996c8ad0bf82193bce02e179d92d5e4cfda064c2d6aae7,author research output or factual provenance; third-party raster assets excluded
supplement_source_data/future_design.csv,supplement_table_sources,"SI S1–S9 table source data; future_design/template_inventory are planning metadata, not observations",876,ac19cb4c111cc38d1449fc5b2db39fd620d339f73f94f5dfad0a5567c562346d,ac19cb4c111cc38d1449fc5b2db39fd620d339f73f94f5dfad0a5567c562346d,876,ac19cb4c111cc38d1449fc5b2db39fd620d339f73f94f5dfad0a5567c562346d,author research output or factual provenance; third-party raster assets excluded
supplement_source_data/geometry_all.csv,supplement_table_sources,"SI S1–S9 table source data; future_design/template_inventory are planning metadata, not observations",471,00cfe9a4e90679cd3169624e837b82eb6872838cac6eb4fd57030b4f7e0e5902,00cfe9a4e90679cd3169624e837b82eb6872838cac6eb4fd57030b4f7e0e5902,471,00cfe9a4e90679cd3169624e837b82eb6872838cac6eb4fd57030b4f7e0e5902,author research output or factual provenance; third-party raster assets excluded
supplement_source_data/historical_index.csv,supplement_table_sources,"SI S1–S9 table source data; future_design/template_inventory are planning metadata, not observations",1178,037254c9d30f7a034490d831df3bcef91327a259d3e7ffbd91f21b4336756029,037254c9d30f7a034490d831df3bcef91327a259d3e7ffbd91f21b4336756029,1178,037254c9d30f7a034490d831df3bcef91327a259d3e7ffbd91f21b4336756029,author research output or factual provenance; third-party raster assets excluded
supplement_source_data/historical_section_titles.json,supplement_table_sources,"SI S1–S9 table source data; future_design/template_inventory are planning metadata, not observations",1429,c5a4ea2fad0400d1faa63e58a86e271dd4d820cd94a143728184e471104c458d,c5a4ea2fad0400d1faa63e58a86e271dd4d820cd94a143728184e471104c458d,1429,c5a4ea2fad0400d1faa63e58a86e271dd4d820cd94a143728184e471104c458d,author research output or factual provenance; third-party raster assets excluded
supplement_source_data/real_models.csv,supplement_table_sources,"SI S1–S9 table source data; future_design/template_inventory are planning metadata, not observations",363,0d7c079aeef501701948bef9d8502deb4574b87cdead49435ae56073adfd5bb2,0d7c079aeef501701948bef9d8502deb4574b87cdead49435ae56073adfd5bb2,363,0d7c079aeef501701948bef9d8502deb4574b87cdead49435ae56073adfd5bb2,author research output or factual provenance; third-party raster assets excluded
supplement_source_data/runtime.csv,supplement_table_sources,"SI S1–S9 table source data; future_design/template_inventory are planning metadata, not observations",396,e0b8d254b4c8886b09d164816bb1b1980ec0f2c821b410217a0bcb0327c12396,e0b8d254b4c8886b09d164816bb1b1980ec0f2c821b410217a0bcb0327c12396,396,e0b8d254b4c8886b09d164816bb1b1980ec0f2c821b410217a0bcb0327c12396,author research output or factual provenance; third-party raster assets excluded
supplement_source_data/software_status.csv,supplement_table_sources,"SI S1–S9 table source data; future_design/template_inventory are planning metadata, not observations",428,52e666f4955f5a1422217782ddad4823f45663b325ec11bb639a5dd4ae88fc18,52e666f4955f5a1422217782ddad4823f45663b325ec11bb639a5dd4ae88fc18,428,52e666f4955f5a1422217782ddad4823f45663b325ec11bb639a5dd4ae88fc18,author research output or factual provenance; third-party raster assets excluded
supplement_source_data/source_mapping.csv,supplement_table_sources,"SI S1–S9 table source data; future_design/template_inventory are planning metadata, not observations",390,363cb880095a5fe5fb52cbc6805551e2db1694858adb2d1959603e7796a319ec,363cb880095a5fe5fb52cbc6805551e2db1694858adb2d1959603e7796a319ec,390,363cb880095a5fe5fb52cbc6805551e2db1694858adb2d1959603e7796a319ec,author research output or factual provenance; third-party raster assets excluded
supplement_source_data/statistics_half_arc_section_chord_width.csv,supplement_table_sources,"SI S1–S9 table source data; future_design/template_inventory are planning metadata, not observations",1086,d6e8a06659813777a3c4e83437236b5f7a5ecf467dfd8d64754c8a062f33ab0d,d6e8a06659813777a3c4e83437236b5f7a5ecf467dfd8d64754c8a062f33ab0d,1086,d6e8a06659813777a3c4e83437236b5f7a5ecf467dfd8d64754c8a062f33ab0d,author research output or factual provenance; third-party raster assets excluded
supplement_source_data/statistics_lamina_area.csv,supplement_table_sources,"SI S1–S9 table source data; future_design/template_inventory are planning metadata, not observations",1082,24f86c1d12689e206c4883673ab9375afdce53b9702588ed66248bc7ae40130d,24f86c1d12689e206c4883673ab9375afdce53b9702588ed66248bc7ae40130d,1082,24f86c1d12689e206c4883673ab9375afdce53b9702588ed66248bc7ae40130d,author research output or factual provenance; third-party raster assets excluded
supplement_source_data/statistics_midrib_arc_length.csv,supplement_table_sources,"SI S1–S9 table source data; future_design/template_inventory are planning metadata, not observations",1081,7923c16573143e8c7f95e1238bfc8e67147f23bb1beb39f02974fdd67c2d7fbe,7923c16573143e8c7f95e1238bfc8e67147f23bb1beb39f02974fdd67c2d7fbe,1081,7923c16573143e8c7f95e1238bfc8e67147f23bb1beb39f02974fdd67c2d7fbe,author research output or factual provenance; third-party raster assets excluded
supplement_source_data/statistics_scopes.csv,supplement_table_sources,"SI S1–S9 table source data; future_design/template_inventory are planning metadata, not observations",335,5541dbdb9d2dea7507251adfe8dab7c057428c6104520ef762224890d0c330c3,5541dbdb9d2dea7507251adfe8dab7c057428c6104520ef762224890d0c330c3,335,5541dbdb9d2dea7507251adfe8dab7c057428c6104520ef762224890d0c330c3,author research output or factual provenance; third-party raster assets excluded
supplement_source_data/synthetic_raw.csv,supplement_table_sources,"SI S1–S9 table source data; future_design/template_inventory are planning metadata, not observations",945,d51360948451c36477ad3d1c93063a8c609b9239ac0a897e6e038150c72eff82,d51360948451c36477ad3d1c93063a8c609b9239ac0a897e6e038150c72eff82,945,d51360948451c36477ad3d1c93063a8c609b9239ac0a897e6e038150c72eff82,author research output or factual provenance; third-party raster assets excluded
supplement_source_data/target_statistics.csv,supplement_table_sources,"SI S1–S9 table source data; future_design/template_inventory are planning metadata, not observations",995,ce72d7693e02610dc3cd63dd05138129a7d81afa16c5e63764168745535eb31d,ce72d7693e02610dc3cd63dd05138129a7d81afa16c5e63764168745535eb31d,995,ce72d7693e02610dc3cd63dd05138129a7d81afa16c5e63764168745535eb31d,author research output or factual provenance; third-party raster assets excluded
supplement_source_data/template_inventory.csv,supplement_table_sources,"SI S1–S9 table source data; future_design/template_inventory are planning metadata, not observations",1320,3ecd86278c5e7341714b1b96c64dae11b32ad4b145dbb6ae976afe277d227418,3ecd86278c5e7341714b1b96c64dae11b32ad4b145dbb6ae976afe277d227418,1320,3ecd86278c5e7341714b1b96c64dae11b32ad4b145dbb6ae976afe277d227418,author research output or factual provenance; third-party raster assets excluded
planned_records/acquisition_repeats.csv,empty_prospective_templates,"SI S7–S8; empty templates only, no physical observations",309,79b6da38d0077da9062fb3dc7c07fb3a59cc181da5e0ba6cae7940851f1a3a6f,79b6da38d0077da9062fb3dc7c07fb3a59cc181da5e0ba6cae7940851f1a3a6f,309,79b6da38d0077da9062fb3dc7c07fb3a59cc181da5e0ba6cae7940851f1a3a6f,author research output or factual provenance; third-party raster assets excluded
planned_records/annotation_repeats.csv,empty_prospective_templates,"SI S7–S8; empty templates only, no physical observations",348,f20a5d78a57356235143cfdb4616c128a66c9e14caabe5a91a7fce4703340779,f20a5d78a57356235143cfdb4616c128a66c9e14caabe5a91a7fce4703340779,348,f20a5d78a57356235143cfdb4616c128a66c9e14caabe5a91a7fce4703340779,author research output or factual provenance; third-party raster assets excluded
planned_records/capture_scopes.csv,empty_prospective_templates,"SI S7–S8; empty templates only, no physical observations",395,72780d19049f3a1be0536d289ebab70cea45e02080484ed5dd24957920977176,72780d19049f3a1be0536d289ebab70cea45e02080484ed5dd24957920977176,395,72780d19049f3a1be0536d289ebab70cea45e02080484ed5dd24957920977176,author research output or factual provenance; third-party raster assets excluded
planned_records/quantity_references.csv,empty_prospective_templates,"SI S7–S8; empty templates only, no physical observations",511,e8f7622c5cfed46bbc1ef1ab1e7f77c43ec20999c934036285d7ed3031553d83,e8f7622c5cfed46bbc1ef1ab1e7f77c43ec20999c934036285d7ed3031553d83,511,e8f7622c5cfed46bbc1ef1ab1e7f77c43ec20999c934036285d7ed3031553d83,author research output or factual provenance; third-party raster assets excluded
planned_records/raw_file_manifest.csv,empty_prospective_templates,"SI S7–S8; empty templates only, no physical observations",248,d02a0748a087d87eaeb1a8dd7f574fe052feb9894754f98666aa6fb1edd5e204,d02a0748a087d87eaeb1a8dd7f574fe052feb9894754f98666aa6fb1edd5e204,248,d02a0748a087d87eaeb1a8dd7f574fe052feb9894754f98666aa6fb1edd5e204,author research output or factual provenance; third-party raster assets excluded
planned_records/reference_raw_files.csv,empty_prospective_templates,"SI S7–S8; empty templates only, no physical observations",272,1a33a92d0050bfb48b53adeb4dbd48a1908e3b37a5f1ae5473cfc2672aa3c50b,1a33a92d0050bfb48b53adeb4dbd48a1908e3b37a5f1ae5473cfc2672aa3c50b,272,1a33a92d0050bfb48b53adeb4dbd48a1908e3b37a5f1ae5473cfc2672aa3c50b,author research output or factual provenance; third-party raster assets excluded
planned_records/scale_calibration_observations.csv,empty_prospective_templates,"SI S7–S8; empty templates only, no physical observations",380,91794a5704b6e70636e0290a3e05db203cbada99197fce63b78ae08295dfa234,91794a5704b6e70636e0290a3e05db203cbada99197fce63b78ae08295dfa234,380,91794a5704b6e70636e0290a3e05db203cbada99197fce63b78ae08295dfa234,author research output or factual provenance; third-party raster assets excluded
planned_records/scale_check_observations.csv,empty_prospective_templates,"SI S7–S8; empty templates only, no physical observations",395,1fbdcba2f2b05aeaf3db8c9e51c3aa1eaca62ff31571a09058f58a5e4c6b7618,1fbdcba2f2b05aeaf3db8c9e51c3aa1eaca62ff31571a09058f58a5e4c6b7618,395,1fbdcba2f2b05aeaf3db8c9e51c3aa1eaca62ff31571a09058f58a5e4c6b7618,author research output or factual provenance; third-party raster assets excluded
planned_records/status_manifest.json,empty_prospective_templates,"SI S7–S8; empty templates only, no physical observations",8898,5679e6823c9365b064efe820fc13c9c765a95822fc4dcd5f4dbf352c3dabb5fb,5679e6823c9365b064efe820fc13c9c765a95822fc4dcd5f4dbf352c3dabb5fb,8898,5679e6823c9365b064efe820fc13c9c765a95822fc4dcd5f4dbf352c3dabb5fb,author research output or factual provenance; third-party raster assets excluded
planned_records/uncertainty_sources.csv,empty_prospective_templates,"SI S7–S8; empty templates only, no physical observations",372,9d46369c57ed77210d723e29a9ea2c8494024a32ad49ee25c946291467b0d84f,9d46369c57ed77210d723e29a9ea2c8494024a32ad49ee25c946291467b0d84f,372,9d46369c57ed77210d723e29a9ea2c8494024a32ad49ee25c946291467b0d84f,author research output or factual provenance; third-party raster assets excluded
protocol/frozen_protocol.yaml,measurement_protocol,Main §3–5; SI S1/S3/S5–S8,21076,e0abb97622444bdb242f232be5f5e475bd93015eb3688f1263aa4ce4fa4d37ea,6e8370e31a63e151f7eaeb7e25114fc3049c34d287feaf546d3cb69c97b842bb,17204,6e8370e31a63e151f7eaeb7e25114fc3049c34d287feaf546d3cb69c97b842bb,author research output or factual provenance; third-party raster assets excluded
protocol/split_manifest.csv,measurement_protocol,Main §3–5; SI S1/S3/S5–S8,1866,cc8d24417f416ce31c67810cdeda47f7f084d1c0833787625d1ea4d86290f780,cc8d24417f416ce31c67810cdeda47f7f084d1c0833787625d1ea4d86290f780,1866,cc8d24417f416ce31c67810cdeda47f7f084d1c0833787625d1ea4d86290f780,author research output or factual provenance; third-party raster assets excluded
protocol/real_evidence_eligibility.json,measurement_protocol,Main §3–5; SI S1/S3/S5–S8,2531,5c16dc2bf1b5c0de35e2324660bbdf0578a3533fc9fe5774dcbb4d5e0c638032,f908f9d68ac6a310ca990e9ebf9f4e22c9bf7820f29a2a39cd4c2c126b5c2775,2324,f908f9d68ac6a310ca990e9ebf9f4e22c9bf7820f29a2a39cd4c2c126b5c2775,author research output or factual provenance; third-party raster assets excluded
results/real/p00_solver_diagnostics.json,direct_metric_source_additions,Main section 6.1: retained observation support and optimization diagnostics,5195,102b4f2b220a285a427028572fb6ee77c7763d3084cac9adfde341c61cfbaa37,102b4f2b220a285a427028572fb6ee77c7763d3084cac9adfde341c61cfbaa37,5195,102b4f2b220a285a427028572fb6ee77c7763d3084cac9adfde341c61cfbaa37,author research output or factual provenance; third-party raster assets excluded
results/synthetic_hidden_region_metrics.json,direct_metric_source_additions,Main section 6.4: hidden-region geometric differences under common occlusion,77204,2ba205fc9dc19f188f6c1d1e2de6d9f18161307b730e8233b852d71480c45bdb,2ba205fc9dc19f188f6c1d1e2de6d9f18161307b730e8233b852d71480c45bdb,77204,2ba205fc9dc19f188f6c1d1e2de6d9f18161307b730e8233b852d71480c45bdb,author research output or factual provenance; third-party raster assets excluded
