file,included,reason,source_sha256
excluded_materials/inputs/real/images_and_author_labels/label_00_00_009_00.png,False,Third-party raster image or raster derived from third-party labels; all raster previews omitted.,198ca282940383f67fa671e4cdc94079fa1f9f851bbb0c208c9a108232a9e671
excluded_materials/inputs/real/images_and_author_labels/label_02_00_009_00.png,False,Third-party raster image or raster derived from third-party labels; all raster previews omitted.,b6ae119851a5643e6c7c21427cc03c033a8bb58466df3f0a2391e36a1c0e8f77
excluded_materials/inputs/real/images_and_author_labels/rgb_00_00_009_00.png,False,Third-party raster image or raster derived from third-party labels; all raster previews omitted.,53ff7013172f2bc58a29da67539f9d92e76ac7af9c73ff4ba3a05e71e98dea8d
excluded_materials/inputs/real/images_and_author_labels/rgb_02_00_009_00.png,False,Third-party raster image or raster derived from third-party labels; all raster previews omitted.,bec5b40593e95a7c599b903edd42cd03558ba3ea86488ff117ef818dc0082b20
excluded_materials/inputs/real/images_and_author_labels/label_00_01_009_00.png,False,Third-party raster image or raster derived from third-party labels; all raster previews omitted.,0f5493f8dc17d6626fa3a76f0b2bc2bab49371ce530a82d6004b9ece42907e75
excluded_materials/inputs/real/images_and_author_labels/label_02_01_009_00.png,False,Third-party raster image or raster derived from third-party labels; all raster previews omitted.,98e8da95e6ce97ab51e849d9331bebc31352fccfef583b01ed1676d82f8363dd
excluded_materials/inputs/real/images_and_author_labels/rgb_00_01_009_00.png,False,Third-party raster image or raster derived from third-party labels; all raster previews omitted.,ad4df07548c1fb46a26cf5db5f9859edd2636a9b75dbc44b1ca4b7cb685fe9f5
excluded_materials/inputs/real/images_and_author_labels/rgb_02_01_009_00.png,False,Third-party raster image or raster derived from third-party labels; all raster previews omitted.,66d106536ec1daccf221d4fe514e42d7b826da8541849ceb8f79177a84e1dd46
excluded_materials/inputs/real/images_and_author_labels/label_00_02_009_00.png,False,Third-party raster image or raster derived from third-party labels; all raster previews omitted.,c7e50ddbb423ceaed3907aae0bf662f9c565b25dba3c0a9f1e7ae15424a1c075
excluded_materials/inputs/real/images_and_author_labels/label_02_02_009_00.png,False,Third-party raster image or raster derived from third-party labels; all raster previews omitted.,b664840831723525d519b0078092e94c1e08ecadd030a4542d7733a8ef441602
excluded_materials/inputs/real/images_and_author_labels/rgb_00_02_009_00.png,False,Third-party raster image or raster derived from third-party labels; all raster previews omitted.,696386b63983d0cd21cecbbeb20fc11969dc6bdaecd4f950fc9dcd7e113108f9
excluded_materials/inputs/real/images_and_author_labels/rgb_02_02_009_00.png,False,Third-party raster image or raster derived from third-party labels; all raster previews omitted.,4e99336cd522a517da5371932bc54017ffc3da001e884ee9ec0b340f4636ab54
excluded_materials/inputs/real/images_and_author_labels/label_01_00_009_00.png,False,Third-party raster image or raster derived from third-party labels; all raster previews omitted.,9834004aa80d476ce45473d2ad039764d28ad695a4d604548059e24ed72dab73
excluded_materials/inputs/real/images_and_author_labels/rgb_01_00_009_00.png,False,Third-party raster image or raster derived from third-party labels; all raster previews omitted.,bf1c27b6ad8ec672a6370cc59b1e5080d3d1e96eeadfe6ff0ec3f261e2e9870c
excluded_materials/inputs/real/images_and_author_labels/label_01_01_009_00.png,False,Third-party raster image or raster derived from third-party labels; all raster previews omitted.,ad59d4101111cd3daffadaea57953398f6aa984b619d45529e34a9e254c64814
excluded_materials/inputs/real/images_and_author_labels/rgb_01_01_009_00.png,False,Third-party raster image or raster derived from third-party labels; all raster previews omitted.,0cf82bc5186d380a2a2e358c0c9133c94d8955e3d0c756f9f2e1c96b9308e99c
excluded_materials/inputs/real/images_and_author_labels/label_01_02_009_00.png,False,Third-party raster image or raster derived from third-party labels; all raster previews omitted.,96b517429eedf90d10e86e458072b2a4c1ec9a93bed9370a8843ca49a1a68b6b
excluded_materials/inputs/real/images_and_author_labels/rgb_01_02_009_00.png,False,Third-party raster image or raster derived from third-party labels; all raster previews omitted.,7d1303239da951c0a57e28afe67aee27a376eada568947b94de48d5c2b2e819a
excluded_materials/provenance/sources/komatsuna_official_page.html,False,Third-party source document; retrieve from original provider.,b562b4a45f73c7e2d4d0864e38ffe03ecd33d121033e3a48a93ca4a9e0cd0250
excluded_materials/provenance/sources/komatsuna_multiview_readme.pdf,False,Third-party source document; retrieve from original provider.,b4b2b6606ab5371e71547c160f2aa4e6d8545c2fd226efae224f850be7d1bdc1
excluded_materials/provenance/sources/komatsuna_source_verification.md,False,Third-party source document; retrieve from original provider.,c3d3f80cc35cb0a96afce95de5b08293e4f7b364b36bd2cd6165a160ccd00bec
excluded_materials/results/real/projection/p00/POTS33/author_leaf04_mask.png,False,Third-party raster image or raster derived from third-party labels; all raster previews omitted.,83092b7351b13b0e1c4058c73a195ca0ceb24df3fded4c3fdd9e86991f8ce74d
excluded_materials/results/real/projection/p00/POTS33/final_projection_mask.png,False,Optional researcher-rendered raster preview omitted from this numerical reviewer subset.,d5f684a5e3829e6924492b5efb5b45f93c72c1e6458ac9bb85bf81965df62c92
excluded_materials/results/real/projection/p01/POTS33/author_leaf04_mask.png,False,Third-party raster image or raster derived from third-party labels; all raster previews omitted.,fd06518fb9b4f806414b8b966e638c45ace8821937a212c9f4b0b67717267e63
excluded_materials/results/real/projection/p01/POTS33/final_projection_mask.png,False,Optional researcher-rendered raster preview omitted from this numerical reviewer subset.,c0f12faaa6604eb45236a5adc0c5573940800c648e4a6225e3526911d4092b19
excluded_materials/results/real/projection/p01/symmetric24/author_leaf04_mask.png,False,Third-party raster image or raster derived from third-party labels; all raster previews omitted.,fd06518fb9b4f806414b8b966e638c45ace8821937a212c9f4b0b67717267e63
excluded_materials/results/real/projection/p01/symmetric24/final_projection_mask.png,False,Optional researcher-rendered raster preview omitted from this numerical reviewer subset.,b5bebcccbe73a4225a4caed90ba7b33eac2391fabe053b99141252aa950ce390
excluded_materials/results/real/projection/p02/POTS33/author_leaf04_mask.png,False,Third-party raster image or raster derived from third-party labels; all raster previews omitted.,a91704ecea4a72c142a4fd95fc455ccca2ef0cb767d5f300bb8ea08a6d1c7c7d
excluded_materials/results/real/projection/p02/POTS33/final_projection_mask.png,False,Optional researcher-rendered raster preview omitted from this numerical reviewer subset.,3bd40caab5562b36ffa72cf36c5bfd54da9d4afcf45d760f55253219f2c5aced
excluded_materials/results/real/projection/p02/symmetric24/author_leaf04_mask.png,False,Third-party raster image or raster derived from third-party labels; all raster previews omitted.,a91704ecea4a72c142a4fd95fc455ccca2ef0cb767d5f300bb8ea08a6d1c7c7d
excluded_materials/results/real/projection/p02/symmetric24/final_projection_mask.png,False,Optional researcher-rendered raster preview omitted from this numerical reviewer subset.,8fd9f9f098b23825567ceb11e6f0b54043754733180bb7bf11866c0756368d2e
excluded_materials/provenance/original_manifests/evidence_manifest.jsonl,False,Broad historical manifest omitted from the bounded public reviewer release.,4e0c7338d4c5e8bc1703c54632290c26f593cd8fa5af90ccc900e356cb516fcb
excluded_materials/provenance/original_manifests/input_manifest.json,False,Broad historical manifest omitted from the bounded public reviewer release.,d46c3e1b01cdb7a1c8ea001ad62d0634ebd8de48837e52330281ca00897148cd
excluded_materials/provenance/original_manifests/input_sha256.json,False,Broad historical manifest omitted from the bounded public reviewer release.,4923a9494c56fb255acec54bda5d40791d4dc49dd85e2e3ccf5d4deb0ade1933
excluded_materials/provenance/original_manifests/snapshot_manifest.json,False,Broad historical manifest omitted from the bounded public reviewer release.,8c3d03bd6db2f6704a5b60533b835c8849556294117d6831a5c2197b7aa6e1e4
