file,bytes,sha256
CSV_SCHEMAS.json,24244,7ca8ba73635f3e1770459b5592662889b2eedb9757cb5d7e9813e48c962c2de3
DATA_DICTIONARY.md,7562,dcefb3f03c3a9b433b7b2fac4cba9bd0c5a53166ccd46f7d077c2992d68dee4c
DATA_INDEX.csv,70096,8035c6c347acdd63d92087fe442524ffb9aa8e2d2b420652b97ea1683f3b9fe1
EXCLUDED_FILES.csv,8383,d0b1b07a686b60ba3242dfdda0f06533024954542a26633d6507ef9f14e54ad5
EXTERNAL_REFERENCES.csv,16624,9376926bbdc24ad6951b5deb3ce8270cc04587dfd9fb3ac0167fd7c8946e51a0
frozen_models/curved_common_gap/POTS33/L0.json,31647,68b335957fd327f9dd7b45ada270c6a624fe32aa1f169700e5dd28206685b39b
frozen_models/curved_common_gap/POTS33/L2.json,147428,643297738a4f137f38d209aee0ee770545b428d49d73c62447b41df6a81df39a
frozen_models/curved_common_gap/symmetric24/L0.json,32071,7f525e41ce213837c5b85d0279f51936dd520a8e68443a181dc3dc9dcb6d9455
frozen_models/curved_common_gap/symmetric24/L2.json,147832,fb88ebf0b4c4f6a1d94dfaa20a6f5139ea28285dc065b0f8929da21ab7688c6c
frozen_models/curved_complementary/POTS33/L0.json,35963,0bdabed5020c85c43b47a9953deb24c7a18aa5673336d9f02fde56dc9ee62359
frozen_models/curved_complementary/POTS33/L2.json,151733,da181dd1da9fa474749336f9e6381c5eb65c4573416e29fcd16a07bd6a1dcf03
frozen_models/curved_complementary/symmetric24/L0.json,36392,9b61c9e8156b91035f648ba98d2bad1cec8b7c627f5a66551916b871361bfed4
frozen_models/curved_complementary/symmetric24/L2.json,152177,812222124beac6e765943f219cc14462b81615d2ca363bc3c8b042384c1841bf
frozen_models/real_known_pilot/POTS33/L0.json,29514,d161b6426d89dc383e21bed98393700726dd6599cf38feaddaa9a7b902cd0c53
frozen_models/real_known_pilot/POTS33/L2.json,155358,bb530ccc185e8edc97e35ea1ceba3fa79e85e3801a4101352aaa6aa79b80ff7a
frozen_models/real_known_pilot/symmetric24/L0.json,29638,4fa18b07938e3de7ac824324ac7d9c198856ef7b18ed2ef85e8cdb91e028fe03
frozen_models/real_known_pilot/symmetric24/L2.json,155487,844d8ca54b45c9a7cc6e30a1d1dc3d8218b3d98aefd2d039782a30b66a64a123
frozen_models/real_p01/POTS33/L0.json,28165,b24fab7798ef64660ead1f5a3ee2b14f7a3e0e2317e573357a6f6949c128c268
frozen_models/real_p01/POTS33/L2.json,147673,e3111a39d98c7fb6991a377a565cc637c5bc35d9c7beed1d8a05aa5f49bd925a
frozen_models/real_p01/symmetric24/L0.json,28572,f5d128ceee214ab080a24e1b9694277fe509d5e521542cd72e36878370b7b56e
frozen_models/real_p01/symmetric24/L2.json,148096,1714bc683d76413a8d8bf7c28d55dcff44283fe0430266cec95bbe8aafacec15
frozen_models/real_p02/POTS33/L0.json,28300,ee4f13013381b17ba7c82a4ec64dfc98b2e38cc1d2ad90edee4730bdd4b3911f
frozen_models/real_p02/POTS33/L2.json,147901,911f4e2d29a40520497565a91cd75eefdd0708346eb1cc3af37bb6c113dbc6d8
frozen_models/real_p02/symmetric24/L0.json,28715,f7c8851799690112c00f52fe27f9443970f947bcad427e8befaa722dfc49dcd4
frozen_models/real_p02/symmetric24/L2.json,148327,496d57233495e06156bb5ac5063ab0b21874983b7e02961389721de8ddc9074d
frozen_models/smooth_twist_common_gap/POTS33/L0.json,30640,12fee727b37722af9b2f0b44f90b72ea4c5a14fc284387b4dbf5083de0742256
frozen_models/smooth_twist_common_gap/POTS33/L2.json,146547,8e9300c631a42b3c07baeea7e88aa8e49d8449efb9c39c88f95d7d2cd9b7428e
frozen_models/smooth_twist_common_gap/symmetric24/L0.json,31071,f3038043f5c1210bdd43c02be0575871a0255a706a627dfbf1294aa5fb350f8c
frozen_models/smooth_twist_common_gap/symmetric24/L2.json,146920,ecbb2f27eef12ffca81c13a88a41f1489d7c0771cad3eec64e3d446b761a073e
frozen_models/smooth_wave_common_gap/POTS33/L0.json,30987,7290a9394813786d3c0c7545f90320d04a8bca367a8f08072ddff2e97119a556
frozen_models/smooth_wave_common_gap/POTS33/L2.json,146809,c2099a47dbeb4c0f49eb9bd4bcfab328eb2cbdaa5bd0188c64c748233b1c48be
frozen_models/smooth_wave_common_gap/symmetric24/L0.json,31400,24a26d733b988f456c14832fa6abee0e144e29e9024cf4f61a539a12c6fc3720
frozen_models/smooth_wave_common_gap/symmetric24/L2.json,147192,8146c36ceed9a992de41e18884356cf1c812c384806e590cc440b78573586e10
frozen_models/twisted_common_gap/POTS33/L0.json,31959,fb3b6d2a1bd56a9adedbe905c7f307dccb61eac48c1c7209fcf4065eb637b24a
frozen_models/twisted_common_gap/POTS33/L2.json,147771,ccb777f87c7f6722efd05db11d2aaca59298df1249351d3d18821e97d2a7a8ef
frozen_models/twisted_common_gap/symmetric24/L0.json,32387,b0a65f12ccbf969cb432d8d178d59a816c2142c4dd6dcf0a8ecd5e6f229ac721
frozen_models/twisted_common_gap/symmetric24/L2.json,148207,127ef88255c77a8359fe3b8248c013fbe11495a2e255a8be5d76ab58539f4bfe
frozen_models/twisted_complementary/POTS33/L0.json,36310,3cba2763e0c5b0a05a11aaccf8e5fc2e1c0dfef12a6d8f114edfb41dc1d635b2
frozen_models/twisted_complementary/POTS33/L2.json,152113,34c1730f190b332c9cdc7a5a2b00d6725a43ab46f526184203d055d9338bf56c
frozen_models/twisted_complementary/symmetric24/L0.json,36709,49b30d90b7246699a5d9a1d486d16a630bb6d24c1e2a6971db67211813ac69af
frozen_models/twisted_complementary/symmetric24/L2.json,152540,b7cb52f1c20c6a46b5b1f697be05d128968e9daea185d668de12977305a222ae
inputs/real/annotations/p00_original_review.json,193832,17acad4544812dc0473fe8fa4ea498ff3b26b65c8467289c3bde26d860ec3eac
inputs/real/annotations/p00_review_with_confirmation.json,129064,b1e6363792191bd8a1e0a4f1ecff89c4849a671dfc3bcc63f1b6c6731e1ba87a
inputs/real/annotations/p01_p02_p03_review_export.json,48140,a4e9ca8065b96d3326bc4dfa89e8521076c574f7ea61ba501c07990fc9d5eb7f
inputs/real/cameras/additional_crop_mapping.json,5192,a884ca9a6f035c28fd7f6e6cc521f1be680001f78dc875f28b1e7ef5e323c8e3
inputs/real/cameras/calibration_protocol.json,1250,c321667b0248cdf233d645945eea54936612b5b6fadb2062b87067ff34dcbce2
inputs/real/cameras/calibration_result.json,11462,7c75390bc20f716c072f4e556eaa482c1337b63d15440d572a95272228756702
inputs/real/cameras/p00_crop_mapping.json,1361,5c8395ce0b54df835e2c18e6ef7e04749d252a38280d45752590f41e9dfafa5d
inputs/real/real_known_pilot/prepared_training.json,18281,04008c725c0a81c2b9a97f5390383628040adcc765dfaccf6ee19ea495b35fa4
inputs/real/real_p01/prepared_training.json,20907,217748d43b12c6ced9b3f7631cdae9c5ebfb58936d392688c53fdb6494bc932d
inputs/real/real_p02/prepared_training.json,21197,b275329b6050037391e32f5b8e63c8de47fb224c0dde12a6b2ae6b4153152fdf
inputs/synthetic/curved/cameras_train.json,1315,34a7979eb27c898978d05394cf43192fcc7448b99e26a02bcb094ebcaa078cf8
inputs/synthetic/curved/initial_xyz.json,1010,885f980dc407abb3a74a0af99e46e8bca2d187133db6fd48a55a229939ebc55e
inputs/synthetic/curved/observations_common_gap.json,12846,76cbc53cdeeb1c77f3613e75d6784cb7137be4c3226206d38d65f9aa02a7b072
inputs/synthetic/curved/observations_complementary.json,16319,284cab5d324e6c6fdcc96fdf7fb21a2f392da56754b7ef6ccd1addb048703a4b
inputs/synthetic/curved/reference_evaluation_only.json,687,2c9ea77b8792af7437bcef3685438a4c158e9f51d402751870b4d24d5b74c4aa
inputs/synthetic/smooth_twist/initial_xyz.json,1000,10a7d048b49615089973380dea169db16a375e0ff7f3f225c82213629bf28ace
inputs/synthetic/smooth_twist/observations_train.json,11999,870e425f6d22ad24465faa07cb6cadd8b758d70cff93e3bf8bdba2527164c7cd
inputs/synthetic/smooth_twist/reference_dense_evaluation_only.npz,42918,6ec7f15a219071f4df3f0397e7459ee12899a479bd004cd8eb14c5546b6199ce
inputs/synthetic/smooth_wave/initial_xyz.json,1003,868191e3ab9ef0b4d9eab66df042894be752ba0d1e20a140c49e4ada52c8fc03
inputs/synthetic/smooth_wave/observations_train.json,12278,c10b6dc491d79873539c5f04196a3cd911a7f419a7c59ec6d1f0c00b0166b23c
inputs/synthetic/smooth_wave/reference_dense_evaluation_only.npz,34242,851271b90dce388bb8eb9af457a5f4329661eb8d29020e3dd12342679aee89ef
inputs/synthetic/twisted/initial_xyz.json,996,1ff15277d97072879cadb262dffa3e994557342fbe1e456f39d3a986a6d42fe1
inputs/synthetic/twisted/observations_common_gap.json,13122,527ef4c85918d86ad7fce68396e1c1d4d1d7257b83cebc2fbcf676011e254a84
inputs/synthetic/twisted/observations_complementary.json,16591,000d96cc7d01eee2f6dd130b20e8c6895e7467bcac6dbe4c2c0352206b6d3837
inputs/synthetic/twisted/reference_evaluation_only.json,571,b8f93c74c61fbc27e37f15e2b9f8c3a5fcd5ee736dce2b2c68980ce5ef45f15d
LICENCE_AND_ACCESS.md,1181,4422f3013d7b1dc245856f12868489b64f73cd2455ee2f35dae64e4fd25babd9
package_metadata.json,707,3b78a6c145833caefed4ccbbe00d85c0786ca3b5bb749af59e2ecd93151150f4
planned_records/acquisition_repeats.csv,309,79b6da38d0077da9062fb3dc7c07fb3a59cc181da5e0ba6cae7940851f1a3a6f
planned_records/annotation_repeats.csv,348,f20a5d78a57356235143cfdb4616c128a66c9e14caabe5a91a7fce4703340779
planned_records/capture_scopes.csv,395,72780d19049f3a1be0536d289ebab70cea45e02080484ed5dd24957920977176
planned_records/quantity_references.csv,511,e8f7622c5cfed46bbc1ef1ab1e7f77c43ec20999c934036285d7ed3031553d83
planned_records/raw_file_manifest.csv,248,d02a0748a087d87eaeb1a8dd7f574fe052feb9894754f98666aa6fb1edd5e204
planned_records/README.md,646,d1e017a175adece67f1a6c13da1edc1b3622a0f7893b2e3ee71cb72b0d158925
planned_records/reference_raw_files.csv,272,1a33a92d0050bfb48b53adeb4dbd48a1908e3b37a5f1ae5473cfc2672aa3c50b
planned_records/scale_calibration_observations.csv,380,91794a5704b6e70636e0290a3e05db203cbada99197fce63b78ae08295dfa234
planned_records/scale_check_observations.csv,395,1fbdcba2f2b05aeaf3db8c9e51c3aa1eaca62ff31571a09058f58a5e4c6b7618
planned_records/status_manifest.json,8898,5679e6823c9365b064efe820fc13c9c765a95822fc4dcd5f4dbf352c3dabb5fb
planned_records/uncertainty_sources.csv,372,9d46369c57ed77210d723e29a9ea2c8494024a32ad49ee25c946291467b0d84f
protocol/frozen_protocol.yaml,17204,6e8370e31a63e151f7eaeb7e25114fc3049c34d287feaf546d3cb69c97b842bb
protocol/real_evidence_eligibility.json,2324,f908f9d68ac6a310ca990e9ebf9f4e22c9bf7820f29a2a39cd4c2c126b5c2775
protocol/split_manifest.csv,1866,cc8d24417f416ce31c67810cdeda47f7f084d1c0833787625d1ea4d86290f780
provenance/model_reuse/curved_common_gap_POTS_reuse_receipt.json,943,9528e9e8c4f632c1a030b5767ae33259c8a6cd0ef9141526e7d453f038c99870
provenance/model_reuse/curved_complementary_POTS_reuse_receipt.json,946,47c723a8199792549d93ad845e79d7086ddedb184411889e8f1788633d04358b
provenance/model_reuse/real_known_pilot_POTS_reuse_receipt.json,1240,e54bbb958198f54d9fed840ddb3109635c94eedcffede566beefe36e1962abd4
provenance/model_reuse/smooth_twist_common_gap_POTS_reuse_receipt.json,841,a019160911b62b742055362483a9c1fb825fbf3631eb3ebdccfbb99cff8343b7
provenance/model_reuse/smooth_wave_common_gap_POTS_reuse_receipt.json,840,8569bbe37b9387588f053dfe34738363139533665b716ec43222bf55f6db053a
provenance/model_reuse/twisted_common_gap_POTS_reuse_receipt.json,944,9a153100e741e48f8e5977c17d85ecf316b4d7c1344a07d1615c31ec74565f51
provenance/model_reuse/twisted_complementary_POTS_reuse_receipt.json,947,b1316fb470002b0c52dd4d997d0315d8aa0de8e32251cd30b1821e099a354c5c
provenance/real/evaluation_download_receipt.json,4138,0e99f575bde93da79074b07d21b69e54b19073c6676b8db262b150a2bccb844f
provenance/real/evaluation_identification_corrections.json,1859,41f997d3e335d2303f2ba1f270d3dd1459c9268553ba1122e6645801ef13e6fb
provenance/real/evaluation_protocol_before_fetch.json,11385,0dc12d84063d10f052eaf1b9a092d2ca5de9f88486746362bc2aa89c80b1683c
provenance/real/fit_completion_before_evaluation.json,9187,5f5e9ba2998902d1f88972a4fd2afc480d5872731423618c7653e3b440b09828
provenance/real/p00_candidate_manifest.json,7585,9d58d4767fabad9d25aa51cffad16066a0b2666329b55a6ec05b95dddb26f5b3
provenance/real/p00_input_audit.json,8666,2b19ea24d5f1153836ddf0343fc18a881978c8480605a2b73a6621a862793180
provenance/real/p01_p02_p03_candidate_manifest.json,35218,292104083f6eb873571ef4a6d0a3f6b2537a7bb6ece3a5472bf99df329b8ac33
provenance/real/prepared_inputs_frozen_before_fit.json,682,919ceb08fae7fc9eef1dcc55afe99b50d31b3931b2808f2e3a0ba8d8cef0a72c
provenance/real/protocol_before_new_real_fit.json,3634,a797e5595fd267ad8fd3d895898f5741dffff368daaee3b685be57fee611d920
provenance/real/review_export_gate.json,8788,5aec6db64d6a0f35fdf38b3ef5e8a4564cdfbccb32acf10bba80b8ad0171a889
provenance/real/scale_binding_audit.json,12799,fd0d74977d1cce3a8327faf931599ed27a1fa46a825d4bc5b7d7a3224b3afbab
provenance/real/source_manifest_received.json,19159,8735fd3b42b45d5c7ce76817a0954898089a34f69cc4dca6733bfd029106665c
README.md,4358,45a175cf6cc4bc6f2941946f7e8cd4d64919f7ef38b825d01c62b9bb7e3d6f3f
results/estimates.csv,50742,b9581b62053b1dbad35907ca740fe76694b01d355625c4efab0203b6f71d0e86
results/failures.csv,4490,4b3a248c9d5e22da2165bcde16c3b0d81f5ef7e3bae59268af1a08a8ca720773
results/frozen_replay/all_conditions.csv,43115,4566c02ce41eaa3e5341532463be712479a0b8776a451967260b54ef0add2914
results/frozen_replay/all_conditions.json,103336,5799556d073796d0398572cd7c19686fa4149c7e27647cba105cd18fb429782e
results/frozen_replay/all_model_reports.json,294723,644add9a83a219a128c8c631ff7acd4a1f3202171237d9dde320a1d5e8c440dc
results/frozen_replay/geometry_legality.json,23121,15efb546a56d680b6f812c161d4afc5a614fe39e80958914839a4975fd34fb11
results/frozen_replay/reference_reports.json,34158,7b4394d18077883976e47b6758c02ee7beb128cb47d7c5e2ce3dd9076c6fb9df
results/frozen_replay/subdivision_invariance.json,25475,c2bc68262806cdaa36c0d80dc114b2072a31b289298c2e656dd67a5b1b6ee600
results/frozen_replay/summary.json,3797,a4f7f0406d17bf342e241cd540e3efc1ca6972825c4039daeeb7ea2777b4d1b4
results/frozen_replay/synthetic_paired_comparison.json,10179,e0ae53afd9ede71f6816ed1c6671a3a5e881c203898dac32c655eb2d6069b105
results/frozen_replay/unified_adapter_fresh36_v3.json,570240,8040e06c8c3ee25f6e4c2725cc26f8d6b0ed88f49528783f4f027437b4722d02
results/frozen_replay/unified_adapter_real9_v3.json,150893,f4521b7cd7e40cb1a1f9a42e50419be9c8dc6fcb1589acdd768bdbd1620ea2d8
results/frozen_replay/unified_direct_mesh36_v3.json,610394,e7bdf831c6e1b7efde31a09ae9e7cf6955365774157828e8497b708f6d51e65a
results/geometry_legality.csv,2445,5ff23d923d9f4bba39e3a0f55e838c2440a83eb20a023050ccb9511c855d03eb
results/historical_projection_and_hidden_metrics.csv,10956,167daffcc7e46161f56358e433031c8711c1be5506d759e74d4ac60df5169434
results/historical_projection_and_hidden_metrics.json,16105,a28d49aaac26098e73a3b3142f687f7c305bf1e4572610fae864c197ac311449
results/paired_reference_comparison.csv,4322,956ed6e53d231868fc9e9535f5a73a5c56337f09703d7da7b2a198dd59b4971b
results/real/p00_solver_diagnostics.json,5195,102b4f2b220a285a427028572fb6ee77c7763d3084cac9adfde341c61cfbaa37
results/real/projection/p00/POTS33/evaluation_result.json,1769,1b70a33afa26d9c5fadf7c516a2f2745ded5c223ae90839baf12981745ad1fb8
results/real/projection/p00/POTS33/metrics.csv,478,f828421a60ef7e003c266b74c7f6f9809ebb8229aaa53a12a2c36addc91b7dd0
results/real/projection/p00/POTS33/projection_data.json,122651,f9077acb2878b90ef31e824dfc624beb53f6a4dbacc08be0901a7cad2d5e9465
results/real/projection/p01/POTS33/evaluation_result.json,1770,8a398ff87bdab4b31d8ad075ad9cf0304ada107b93a582017b4639ddfb13d116
results/real/projection/p01/POTS33/metrics.csv,479,cb801f46c216d6bf6bc75ad17de5b4dd8ee1eb99b49de61ad83e4e776e1909ae
results/real/projection/p01/POTS33/projection_data.json,122833,62a137a6db4e105e74a452227af8e43824d6a94fdb479e0922fe7330468f20eb
results/real/projection/p01/symmetric24/evaluation_result.json,1768,224908cc5ff8a113873cae005fd5a00e35e66bc15a48c1576162da6aa685ae58
results/real/projection/p01/symmetric24/metrics.csv,477,d49846376e1a06c26ff88d75181bb457581cc28decca7bbb1a028a718978472c
results/real/projection/p01/symmetric24/projection_data.json,122847,47e0c35adeffc67486db0d673d3c6ef1ee36b94bd8973894e3ba5751d6ae0c69
results/real/projection/p02/POTS33/evaluation_result.json,1770,a0addeffbdf129ad3e507da9d58596bb7b63c22762453dbd4a7d796d229f37d9
results/real/projection/p02/POTS33/metrics.csv,479,d69884b9f09f08fa7d62acdbae37df6487fe905a7bbbf2a4472fbc589b086a83
results/real/projection/p02/POTS33/projection_data.json,122627,2c0372be286bd4c14d11d2021d85b56e9d3c8fe035d0dbe2015c2a1e45c18b9b
results/real/projection/p02/symmetric24/evaluation_result.json,1768,398d5b1779c9c7f7cdb15ce3c0ed56a7c395dd6f6874bfd3bbaac555f676a196
results/real/projection/p02/symmetric24/metrics.csv,477,26eb3e349adb225798cfd7064f8a06a93a7c8f29808a7ece8cff5fc21ae84926
results/real/projection/p02/symmetric24/projection_data.json,122675,f4fa3ee928ff7905ad3b573e0c7cd62f1a51d3cbca39fc94e305cb82cd23fd24
results/real/projection_metrics.csv,2290,8b16328a085c17f8b8fc65b57fce80f95b1f3a2ef70719de5f19928732348ec5
results/real/projection_metrics.json,7156,6994a28c9605b7ac32a3e8e62efb1021160c96cc49c68278ac7eb1eff2cc43fd
results/repeatability.csv,111,008059702deb0c6184564d836317a010bf066a6eccaddab6d5de0f194f45ad7f
results/repeatability_status.json,215,67077099dacaf2166e5d0466923559c5f6346208b1d364e1979444e574ed1547
results/runtime.csv,10264,e44ca045d6d4c6067e6d7521b512296eba3cfa6a925e934e6b95201d3815c9ef
results/software_validation/cli_batch_report.json,27948,b8c49ae6ffc06decc0b405762e4a564ed1c4f864ba824050f913cff3411add81
results/software_validation/cli_single_report.json,22986,e57bb98c482baf7bc4fa74cefa4c7edf53221b46c473fe7b67ff1241043d8cae
results/software_validation/completion.json,2428,ea9020d1b1f511b7f552c6f473071acb4d98511ad355acc29fc7b6d67ec39842
results/software_validation/F01_resolution.json,2542,1f21fabf1c7a4b70476737deb1cc5c91a55e87ce27eb3625c643a506ca0a8a97
results/software_validation/protocol_before_tests.json,6074,8aac490014f172571b3742587c4130d157db57dad9a3036511605113f87556f1
results/software_validation/synthetic_batch_report.json,27954,1753499b7bc10543b8f71cbe5dac6071a156cfc8bceecdfcae42efaf1782874d
results/software_validation/synthetic_batch_request.json,9538,08574081c8074fe1e5b07a995b992449489a48183508026010b375ab867c05df
results/software_validation/synthetic_conditional_mc.json,1569866,7887c657d502804667aee18caccfc410f9f891cd47d5115b01523ab8125e9ad1
results/software_validation/synthetic_single_report.json,22989,f6da98e87bd201d8a9d420cfb377d5f22d5a54248a4d00788fe063145e20fe31
results/software_validation/synthetic_single_request.json,5729,88589bc73e84dbb63ad47a949759ffce29b3bf975688875b3c717edc20ab71b6
results/synthetic_hidden_region_metrics.json,77204,2ba205fc9dc19f188f6c1d1e2de6d9f18161307b730e8233b852d71480c45bdb
results/uncertainty_components.csv,19627,6b6a3760ed5e02047f7ca731bd0239fa99644cf30ceb0b8e8e90fe1e8ecdf524
source_data/all_estimates_with_qc_flags.csv,59079,2c822fe9391b1574c6274e94f08e0006c3bac9f01955650d35fb33a941a248f1
source_data/failures_retained.csv,4490,4b3a248c9d5e22da2165bcde16c3b0d81f5ef7e3bae59268af1a08a8ca720773
source_data/per_case_geometry_flags.csv,4949,a42131f0f2a29ccdb477650e5b4338aa7a821a71db54c9c14ca63ea609a5c353
source_data/scope_denominators.csv,2563,1a45bfed3b39ffc66201df6f53e48bc111cfb9a2b99d8c13872f27c6a077515c
source_data/scope_membership_and_weights.csv,4368,1fe28adadf450945f1698b4928ccb8d5121507bea6d8799da69c3e86523ab0d4
source_data/summary_statistics.csv,13759,56150842f0ff8b6c0e9fef72f1b8dea8e0ff47e6d4e8836366856d74bedae216
source_data/target_contributions.csv,35853,cc7074ad2fa5272280dcbcd9e0498bef4f34c45553a15be07db055744eeb3e50
SOURCE_RETRIEVAL.csv,7057,c154333cb9e41aea0e4c89c4fa09772ed531e473b0bd8980e15f3c335fa78637
SOURCE_RETRIEVAL.md,2852,8db95ef47141cd14abb934da38063caf02b8548c5d64b1bf93586cd87df40332
supplement_source_data/condition_ARE.csv,311,65a1bce1ead73eada63dedd893b59f7fc102cc036d96d6a06c79f222122b1f61
supplement_source_data/failure_summary.csv,200,529549f267521898b8996c8ad0bf82193bce02e179d92d5e4cfda064c2d6aae7
supplement_source_data/future_design.csv,876,ac19cb4c111cc38d1449fc5b2db39fd620d339f73f94f5dfad0a5567c562346d
supplement_source_data/geometry_all.csv,471,00cfe9a4e90679cd3169624e837b82eb6872838cac6eb4fd57030b4f7e0e5902
supplement_source_data/historical_index.csv,1178,037254c9d30f7a034490d831df3bcef91327a259d3e7ffbd91f21b4336756029
supplement_source_data/historical_section_titles.json,1429,c5a4ea2fad0400d1faa63e58a86e271dd4d820cd94a143728184e471104c458d
supplement_source_data/real_models.csv,363,0d7c079aeef501701948bef9d8502deb4574b87cdead49435ae56073adfd5bb2
supplement_source_data/runtime.csv,396,e0b8d254b4c8886b09d164816bb1b1980ec0f2c821b410217a0bcb0327c12396
supplement_source_data/software_status.csv,428,52e666f4955f5a1422217782ddad4823f45663b325ec11bb639a5dd4ae88fc18
supplement_source_data/source_mapping.csv,390,363cb880095a5fe5fb52cbc6805551e2db1694858adb2d1959603e7796a319ec
supplement_source_data/statistics_half_arc_section_chord_width.csv,1086,d6e8a06659813777a3c4e83437236b5f7a5ecf467dfd8d64754c8a062f33ab0d
supplement_source_data/statistics_lamina_area.csv,1082,24f86c1d12689e206c4883673ab9375afdce53b9702588ed66248bc7ae40130d
supplement_source_data/statistics_midrib_arc_length.csv,1081,7923c16573143e8c7f95e1238bfc8e67147f23bb1beb39f02974fdd67c2d7fbe
supplement_source_data/statistics_scopes.csv,335,5541dbdb9d2dea7507251adfe8dab7c057428c6104520ef762224890d0c330c3
supplement_source_data/synthetic_raw.csv,945,d51360948451c36477ad3d1c93063a8c609b9239ac0a897e6e038150c72eff82
supplement_source_data/target_statistics.csv,995,ce72d7693e02610dc3cd63dd05138129a7d81afa16c5e63764168745535eb31d
supplement_source_data/template_inventory.csv,1320,3ecd86278c5e7341714b1b96c64dae11b32ad4b145dbb6ae976afe277d227418
