excluded_identifier,provider,archive_url,archive_member,plant_id,day_id,time_id,camera_id,role,leaf_target,source_sha256,bytes,access_note
excluded_materials/inputs/real/images_and_author_labels/label_00_00_009_00.png,KOMATSUNA multiview,https://limu.ait.kyushu-u.ac.jp/~agri/komatsuna/multi_label.zip,multi_label/label_00_00_009_00.png,00,009,00,00,training,leaf04,198ca282940383f67fa671e4cdc94079fa1f9f851bbb0c208c9a108232a9e671,4142,Obtain directly from provider subject to provider terms; no asset redistributed here.
excluded_materials/inputs/real/images_and_author_labels/label_02_00_009_00.png,KOMATSUNA multiview,https://limu.ait.kyushu-u.ac.jp/~agri/komatsuna/multi_label.zip,multi_label/label_02_00_009_00.png,00,009,00,02,training,leaf04,b6ae119851a5643e6c7c21427cc03c033a8bb58466df3f0a2391e36a1c0e8f77,4016,Obtain directly from provider subject to provider terms; no asset redistributed here.
excluded_materials/inputs/real/images_and_author_labels/rgb_00_00_009_00.png,KOMATSUNA multiview,https://limu.ait.kyushu-u.ac.jp/~agri/komatsuna/multi_plant.zip,multi_plant/rgb_00_00_009_00.png,00,009,00,00,training,leaf04,53ff7013172f2bc58a29da67539f9d92e76ac7af9c73ff4ba3a05e71e98dea8d,267781,Obtain directly from provider subject to provider terms; no asset redistributed here.
excluded_materials/inputs/real/images_and_author_labels/rgb_02_00_009_00.png,KOMATSUNA multiview,https://limu.ait.kyushu-u.ac.jp/~agri/komatsuna/multi_plant.zip,multi_plant/rgb_02_00_009_00.png,00,009,00,02,training,leaf04,bec5b40593e95a7c599b903edd42cd03558ba3ea86488ff117ef818dc0082b20,215641,Obtain directly from provider subject to provider terms; no asset redistributed here.
excluded_materials/inputs/real/images_and_author_labels/label_00_01_009_00.png,KOMATSUNA multiview,https://limu.ait.kyushu-u.ac.jp/~agri/komatsuna/multi_label.zip,multi_label/label_00_01_009_00.png,01,009,00,00,training,leaf04,0f5493f8dc17d6626fa3a76f0b2bc2bab49371ce530a82d6004b9ece42907e75,4519,Obtain directly from provider subject to provider terms; no asset redistributed here.
excluded_materials/inputs/real/images_and_author_labels/label_02_01_009_00.png,KOMATSUNA multiview,https://limu.ait.kyushu-u.ac.jp/~agri/komatsuna/multi_label.zip,multi_label/label_02_01_009_00.png,01,009,00,02,training,leaf04,98e8da95e6ce97ab51e849d9331bebc31352fccfef583b01ed1676d82f8363dd,4456,Obtain directly from provider subject to provider terms; no asset redistributed here.
excluded_materials/inputs/real/images_and_author_labels/rgb_00_01_009_00.png,KOMATSUNA multiview,https://limu.ait.kyushu-u.ac.jp/~agri/komatsuna/multi_plant.zip,multi_plant/rgb_00_01_009_00.png,01,009,00,00,training,leaf04,ad4df07548c1fb46a26cf5db5f9859edd2636a9b75dbc44b1ca4b7cb685fe9f5,186417,Obtain directly from provider subject to provider terms; no asset redistributed here.
excluded_materials/inputs/real/images_and_author_labels/rgb_02_01_009_00.png,KOMATSUNA multiview,https://limu.ait.kyushu-u.ac.jp/~agri/komatsuna/multi_plant.zip,multi_plant/rgb_02_01_009_00.png,01,009,00,02,training,leaf04,66d106536ec1daccf221d4fe514e42d7b826da8541849ceb8f79177a84e1dd46,242180,Obtain directly from provider subject to provider terms; no asset redistributed here.
excluded_materials/inputs/real/images_and_author_labels/label_00_02_009_00.png,KOMATSUNA multiview,https://limu.ait.kyushu-u.ac.jp/~agri/komatsuna/multi_label.zip,multi_label/label_00_02_009_00.png,02,009,00,00,training,leaf04,c7e50ddbb423ceaed3907aae0bf662f9c565b25dba3c0a9f1e7ae15424a1c075,4275,Obtain directly from provider subject to provider terms; no asset redistributed here.
excluded_materials/inputs/real/images_and_author_labels/label_02_02_009_00.png,KOMATSUNA multiview,https://limu.ait.kyushu-u.ac.jp/~agri/komatsuna/multi_label.zip,multi_label/label_02_02_009_00.png,02,009,00,02,training,leaf04,b664840831723525d519b0078092e94c1e08ecadd030a4542d7733a8ef441602,4225,Obtain directly from provider subject to provider terms; no asset redistributed here.
excluded_materials/inputs/real/images_and_author_labels/rgb_00_02_009_00.png,KOMATSUNA multiview,https://limu.ait.kyushu-u.ac.jp/~agri/komatsuna/multi_plant.zip,multi_plant/rgb_00_02_009_00.png,02,009,00,00,training,leaf04,696386b63983d0cd21cecbbeb20fc11969dc6bdaecd4f950fc9dcd7e113108f9,165898,Obtain directly from provider subject to provider terms; no asset redistributed here.
excluded_materials/inputs/real/images_and_author_labels/rgb_02_02_009_00.png,KOMATSUNA multiview,https://limu.ait.kyushu-u.ac.jp/~agri/komatsuna/multi_plant.zip,multi_plant/rgb_02_02_009_00.png,02,009,00,02,training,leaf04,4e99336cd522a517da5371932bc54017ffc3da001e884ee9ec0b340f4636ab54,163277,Obtain directly from provider subject to provider terms; no asset redistributed here.
excluded_materials/inputs/real/images_and_author_labels/label_01_00_009_00.png,KOMATSUNA multiview,https://limu.ait.kyushu-u.ac.jp/~agri/komatsuna/multi_label.zip,multi_label/label_01_00_009_00.png,00,009,00,01,evaluation_only,leaf04,9834004aa80d476ce45473d2ad039764d28ad695a4d604548059e24ed72dab73,4017,Obtain directly from provider subject to provider terms; no asset redistributed here.
excluded_materials/inputs/real/images_and_author_labels/rgb_01_00_009_00.png,KOMATSUNA multiview,https://limu.ait.kyushu-u.ac.jp/~agri/komatsuna/multi_plant.zip,multi_plant/rgb_01_00_009_00.png,00,009,00,01,evaluation_only,leaf04,bf1c27b6ad8ec672a6370cc59b1e5080d3d1e96eeadfe6ff0ec3f261e2e9870c,250496,Obtain directly from provider subject to provider terms; no asset redistributed here.
excluded_materials/inputs/real/images_and_author_labels/label_01_01_009_00.png,KOMATSUNA multiview,https://limu.ait.kyushu-u.ac.jp/~agri/komatsuna/multi_label.zip,multi_label/label_01_01_009_00.png,01,009,00,01,evaluation_only,leaf04,ad59d4101111cd3daffadaea57953398f6aa984b619d45529e34a9e254c64814,4465,Obtain directly from provider subject to provider terms; no asset redistributed here.
excluded_materials/inputs/real/images_and_author_labels/rgb_01_01_009_00.png,KOMATSUNA multiview,https://limu.ait.kyushu-u.ac.jp/~agri/komatsuna/multi_plant.zip,multi_plant/rgb_01_01_009_00.png,01,009,00,01,evaluation_only,leaf04,0cf82bc5186d380a2a2e358c0c9133c94d8955e3d0c756f9f2e1c96b9308e99c,203602,Obtain directly from provider subject to provider terms; no asset redistributed here.
excluded_materials/inputs/real/images_and_author_labels/label_01_02_009_00.png,KOMATSUNA multiview,https://limu.ait.kyushu-u.ac.jp/~agri/komatsuna/multi_label.zip,multi_label/label_01_02_009_00.png,02,009,00,01,evaluation_only,leaf04,96b517429eedf90d10e86e458072b2a4c1ec9a93bed9370a8843ca49a1a68b6b,4112,Obtain directly from provider subject to provider terms; no asset redistributed here.
excluded_materials/inputs/real/images_and_author_labels/rgb_01_02_009_00.png,KOMATSUNA multiview,https://limu.ait.kyushu-u.ac.jp/~agri/komatsuna/multi_plant.zip,multi_plant/rgb_01_02_009_00.png,02,009,00,01,evaluation_only,leaf04,7d1303239da951c0a57e28afe67aee27a376eada568947b94de48d5c2b2e819a,169766,Obtain directly from provider subject to provider terms; no asset redistributed here.
