group,subset,TC,bias,MAE,RMSE,ARE
1,All outputs,4/6,0.05753 / 0.03932,0.05753 / 0.03932,0.07385 / 0.06294,15.090 / 11.180
1,Shared QC,4/5,0.05762 / 0.02354,0.05762 / 0.02354,0.07387 / 0.02704,15.115 / 6.567
2,All outputs,2/4,0.01135 / 0.06053,0.01135 / 0.06053,0.01141 / 0.08603,3.330 / 17.713
2,Shared QC,2/3,0.01152 / 0.02896,0.01152 / 0.02896,0.01159 / 0.03070,3.380 / 8.487
3,All outputs,2/2,0.10371 / 0.01812,0.10371 / 0.01812,0.10382 / 0.02281,26.850 / 4.647
3,Shared QC,2/2,0.10371 / 0.01812,0.10371 / 0.01812,0.10382 / 0.02281,26.850 / 4.647
4,All outputs,4/4,0.05726 / 0.05516,0.05726 / 0.05516,0.07381 / 0.08481,15.011 / 15.809
4,Shared QC,3/3,0.07234 / 0.01840,0.07234 / 0.01840,0.08495 / 0.02160,18.843 / 4.962
5,All outputs,2/2,0.01081 / 0.09220,0.01081 / 0.09220,0.01088 / 0.11775,3.172 / 26.970
5,Shared QC,1/1,0.00960 / 0.01896,0.00960 / 0.01896,0.00960 / 0.01896,2.829 / 5.590
6,All outputs,2/2,0.10371 / 0.01812,0.10371 / 0.01812,0.10382 / 0.02281,26.850 / 4.647
6,Shared QC,2/2,0.10371 / 0.01812,0.10371 / 0.01812,0.10382 / 0.02281,26.850 / 4.647
