case,quantity,reference,POTS,symmetric,POTS_signed_pct,symmetric_signed_pct
A,Area,0.339232,0.350291,0.357779,3.260,5.467
A,Arc,1.025411,1.026389,1.025758,0.095,0.034
A,Chord,0.540000,0.579519,0.566831,7.318,4.969
B,Area,0.339232,0.348828,0.358195,2.829,5.590
B,Arc,1.025411,1.025348,1.024500,-0.006,-0.089
B,Chord,0.540000,0.573934,0.570318,6.284,5.615
C,Area,0.342178,0.354892,0.381339,3.716,11.445
C,Arc,1.021767,1.021904,1.022259,0.013,0.048
C,Chord,0.513510,0.542629,0.568657,5.671,10.739
D*,Area,0.342178,0.354207,0.507619,3.516,48.349
D*,Arc,1.021767,1.021669,1.064987,-0.010,4.230
D*,Chord,0.513510,0.537907,0.587110,4.751,14.333
E,Area,0.390895,0.489978,0.422865,25.348,8.179
E,Arc,1.059859,1.050408,1.056647,-0.892,-0.303
E,Chord,0.476102,0.639365,0.562073,34.292,18.057
F,Area,0.382142,0.490486,0.386407,28.352,1.116
F,Arc,1.074804,1.155990,1.029204,7.554,-4.243
F,Chord,0.519096,0.596300,0.620234,14.873,19.484
