group,n,quantity,method,bias,MAE,RMSE,ARE
All 4,4/6,Area,POTS,0.05753,0.05753,0.07385,15.090
All 4,4/6,Arc,POTS,0.01805,0.02282,0.04087,2.127
All 4,4/6,Chord,POTS,0.07599,0.07599,0.09313,15.294
All 4,4/6,Area,Sym,0.03932,0.03932,0.06294,11.180
All 4,4/6,Arc,Sym,-0.00681,0.01782,0.02750,1.687
All 4,4/6,Chord,Sym,0.07001,0.07001,0.07528,13.842
Finite 2,2/4,Area,POTS,0.01135,0.01135,0.01141,3.330
Finite 2,2/4,Arc,POTS,0.00024,0.00032,0.00050,0.031
Finite 2,2/4,Chord,POTS,0.03174,0.03174,0.03223,6.006
Finite 2,2/4,Area,Sym,0.06053,0.06053,0.08603,17.713
Finite 2,2/4,Arc,Sym,0.01079,0.01124,0.02162,1.100
Finite 2,2/4,Chord,Sym,0.04647,0.04647,0.05024,8.914
Dense 2,2/2,Area,POTS,0.10371,0.10371,0.10382,26.850
Dense 2,2/2,Arc,POTS,0.03587,0.04532,0.05780,4.223
Dense 2,2/2,Chord,POTS,0.12023,0.12023,0.12770,24.582
Dense 2,2/2,Area,Sym,0.01812,0.01812,0.02281,4.647
Dense 2,2/2,Arc,Sym,-0.02441,0.02441,0.03232,2.273
Dense 2,2/2,Chord,Sym,0.09355,0.09355,0.09386,18.770
