case_id,target_id,plant_id,leaf_id,condition,data_type,target_family,method,level,quantity,estimate_model,model_unit,quantity_status,estimate_physical,physical_unit,scale_status,physical_reference_status,reference_kind,reference_model,signed_error_model,absolute_error_model,signed_percent_error,absolute_percent_error,independent_cluster_id,physical_accuracy_eligible,source_path,source_sha256,reference_sha256,failure_reason,own_L0_saved_qc_pass,paired_L0_saved_qc_pass,L2_qc_scope
curved_complementary,curved,synthetic:curved,leaf01,complementary,synthetic,core_synthetic,POTS33,0,lamina_area,0.35029062590660437,model_unit^2,computed_model_quantity,,,unknown,unavailable,finite_12_triangle_target,0.33923213159858107,0.011058494308023303,0.011058494308023303,3.259860513776154,3.259860513776154,synthetic:curved,False,frozen_models/curved_complementary/POTS33/L0.json,0bdabed5020c85c43b47a9953deb24c7a18aa5673336d9f02fde56dc9ee62359,2c9ea77b8792af7437bcef3685438a4c158e9f51d402751870b4d24d5b74c4aa,,True,True,saved L0 pairwise diagnostics
curved_complementary,curved,synthetic:curved,leaf01,complementary,synthetic,core_synthetic,POTS33,0,midrib_arc_length,1.0263886167146834,model_unit,computed_model_quantity,,,unknown,unavailable,finite_12_triangle_target,1.025411364518029,0.0009772521966544545,0.0009772521966544545,0.09530342947913294,0.09530342947913294,synthetic:curved,False,frozen_models/curved_complementary/POTS33/L0.json,0bdabed5020c85c43b47a9953deb24c7a18aa5673336d9f02fde56dc9ee62359,2c9ea77b8792af7437bcef3685438a4c158e9f51d402751870b4d24d5b74c4aa,,True,True,saved L0 pairwise diagnostics
curved_complementary,curved,synthetic:curved,leaf01,complementary,synthetic,core_synthetic,POTS33,0,half_arc_section_chord_width,0.5795187159434236,model_unit,computed_model_quantity,,,unknown,unavailable,finite_12_triangle_target,0.54,0.0395187159434236,0.0395187159434236,7.318280730263629,7.318280730263629,synthetic:curved,False,frozen_models/curved_complementary/POTS33/L0.json,0bdabed5020c85c43b47a9953deb24c7a18aa5673336d9f02fde56dc9ee62359,2c9ea77b8792af7437bcef3685438a4c158e9f51d402751870b4d24d5b74c4aa,,True,True,saved L0 pairwise diagnostics
curved_complementary,curved,synthetic:curved,leaf01,complementary,synthetic,core_synthetic,POTS33,2,lamina_area,0.3502906259066043,model_unit^2,computed_model_quantity,,,unknown,unavailable,finite_12_triangle_target,0.33923213159858107,0.011058494308023248,0.011058494308023248,3.2598605137761374,3.2598605137761374,synthetic:curved,False,frozen_models/curved_complementary/POTS33/L2.json,da181dd1da9fa474749336f9e6381c5eb65c4573416e29fcd16a07bd6a1dcf03,2c9ea77b8792af7437bcef3685438a4c158e9f51d402751870b4d24d5b74c4aa,,True,True,same-surface inheritance from earlier bitwise midpoint check; pairwise L2 intersections not enumerated
curved_complementary,curved,synthetic:curved,leaf01,complementary,synthetic,core_synthetic,POTS33,2,midrib_arc_length,1.0263886167146834,model_unit,computed_model_quantity,,,unknown,unavailable,finite_12_triangle_target,1.025411364518029,0.0009772521966544545,0.0009772521966544545,0.09530342947913294,0.09530342947913294,synthetic:curved,False,frozen_models/curved_complementary/POTS33/L2.json,da181dd1da9fa474749336f9e6381c5eb65c4573416e29fcd16a07bd6a1dcf03,2c9ea77b8792af7437bcef3685438a4c158e9f51d402751870b4d24d5b74c4aa,,True,True,same-surface inheritance from earlier bitwise midpoint check; pairwise L2 intersections not enumerated
curved_complementary,curved,synthetic:curved,leaf01,complementary,synthetic,core_synthetic,POTS33,2,half_arc_section_chord_width,0.5795187159434236,model_unit,computed_model_quantity,,,unknown,unavailable,finite_12_triangle_target,0.54,0.0395187159434236,0.0395187159434236,7.318280730263629,7.318280730263629,synthetic:curved,False,frozen_models/curved_complementary/POTS33/L2.json,da181dd1da9fa474749336f9e6381c5eb65c4573416e29fcd16a07bd6a1dcf03,2c9ea77b8792af7437bcef3685438a4c158e9f51d402751870b4d24d5b74c4aa,,True,True,same-surface inheritance from earlier bitwise midpoint check; pairwise L2 intersections not enumerated
curved_complementary,curved,synthetic:curved,leaf01,complementary,synthetic,core_synthetic,symmetric24,0,lamina_area,0.3577790004712229,model_unit^2,computed_model_quantity,,,unknown,unavailable,finite_12_triangle_target,0.33923213159858107,0.018546868872641842,0.018546868872641842,5.467309003201576,5.467309003201576,synthetic:curved,False,frozen_models/curved_complementary/symmetric24/L0.json,9b61c9e8156b91035f648ba98d2bad1cec8b7c627f5a66551916b871361bfed4,2c9ea77b8792af7437bcef3685438a4c158e9f51d402751870b4d24d5b74c4aa,,True,True,saved L0 pairwise diagnostics
curved_complementary,curved,synthetic:curved,leaf01,complementary,synthetic,core_synthetic,symmetric24,0,midrib_arc_length,1.0257579805230033,model_unit,computed_model_quantity,,,unknown,unavailable,finite_12_triangle_target,1.025411364518029,0.00034661600497432055,0.00034661600497432055,0.033802629556113746,0.033802629556113746,synthetic:curved,False,frozen_models/curved_complementary/symmetric24/L0.json,9b61c9e8156b91035f648ba98d2bad1cec8b7c627f5a66551916b871361bfed4,2c9ea77b8792af7437bcef3685438a4c158e9f51d402751870b4d24d5b74c4aa,,True,True,saved L0 pairwise diagnostics
curved_complementary,curved,synthetic:curved,leaf01,complementary,synthetic,core_synthetic,symmetric24,0,half_arc_section_chord_width,0.5668310027605037,model_unit,computed_model_quantity,,,unknown,unavailable,finite_12_triangle_target,0.54,0.026831002760503653,0.026831002760503653,4.968704214908083,4.968704214908083,synthetic:curved,False,frozen_models/curved_complementary/symmetric24/L0.json,9b61c9e8156b91035f648ba98d2bad1cec8b7c627f5a66551916b871361bfed4,2c9ea77b8792af7437bcef3685438a4c158e9f51d402751870b4d24d5b74c4aa,,True,True,saved L0 pairwise diagnostics
curved_complementary,curved,synthetic:curved,leaf01,complementary,synthetic,core_synthetic,symmetric24,2,lamina_area,0.3577790004712229,model_unit^2,computed_model_quantity,,,unknown,unavailable,finite_12_triangle_target,0.33923213159858107,0.018546868872641842,0.018546868872641842,5.467309003201576,5.467309003201576,synthetic:curved,False,frozen_models/curved_complementary/symmetric24/L2.json,812222124beac6e765943f219cc14462b81615d2ca363bc3c8b042384c1841bf,2c9ea77b8792af7437bcef3685438a4c158e9f51d402751870b4d24d5b74c4aa,,True,True,same-surface inheritance from earlier bitwise midpoint check; pairwise L2 intersections not enumerated
curved_complementary,curved,synthetic:curved,leaf01,complementary,synthetic,core_synthetic,symmetric24,2,midrib_arc_length,1.0257579805230033,model_unit,computed_model_quantity,,,unknown,unavailable,finite_12_triangle_target,1.025411364518029,0.00034661600497432055,0.00034661600497432055,0.033802629556113746,0.033802629556113746,synthetic:curved,False,frozen_models/curved_complementary/symmetric24/L2.json,812222124beac6e765943f219cc14462b81615d2ca363bc3c8b042384c1841bf,2c9ea77b8792af7437bcef3685438a4c158e9f51d402751870b4d24d5b74c4aa,,True,True,same-surface inheritance from earlier bitwise midpoint check; pairwise L2 intersections not enumerated
curved_complementary,curved,synthetic:curved,leaf01,complementary,synthetic,core_synthetic,symmetric24,2,half_arc_section_chord_width,0.5668310027605037,model_unit,computed_model_quantity,,,unknown,unavailable,finite_12_triangle_target,0.54,0.026831002760503653,0.026831002760503653,4.968704214908083,4.968704214908083,synthetic:curved,False,frozen_models/curved_complementary/symmetric24/L2.json,812222124beac6e765943f219cc14462b81615d2ca363bc3c8b042384c1841bf,2c9ea77b8792af7437bcef3685438a4c158e9f51d402751870b4d24d5b74c4aa,,True,True,same-surface inheritance from earlier bitwise midpoint check; pairwise L2 intersections not enumerated
curved_common_gap,curved,synthetic:curved,leaf01,common_gap,synthetic,core_synthetic,POTS33,0,lamina_area,0.3488282817500759,model_unit^2,computed_model_quantity,,,unknown,unavailable,finite_12_triangle_target,0.33923213159858107,0.009596150151494842,0.009596150151494842,2.8287857362669064,2.8287857362669064,synthetic:curved,False,frozen_models/curved_common_gap/POTS33/L0.json,68b335957fd327f9dd7b45ada270c6a624fe32aa1f169700e5dd28206685b39b,2c9ea77b8792af7437bcef3685438a4c158e9f51d402751870b4d24d5b74c4aa,,True,True,saved L0 pairwise diagnostics
curved_common_gap,curved,synthetic:curved,leaf01,common_gap,synthetic,core_synthetic,POTS33,0,midrib_arc_length,1.025348080082267,model_unit,computed_model_quantity,,,unknown,unavailable,finite_12_triangle_target,1.025411364518029,-6.328443576197884e-05,6.328443576197884e-05,-0.006171614432196608,0.006171614432196608,synthetic:curved,False,frozen_models/curved_common_gap/POTS33/L0.json,68b335957fd327f9dd7b45ada270c6a624fe32aa1f169700e5dd28206685b39b,2c9ea77b8792af7437bcef3685438a4c158e9f51d402751870b4d24d5b74c4aa,,True,True,saved L0 pairwise diagnostics
curved_common_gap,curved,synthetic:curved,leaf01,common_gap,synthetic,core_synthetic,POTS33,0,half_arc_section_chord_width,0.5739336006579006,model_unit,computed_model_quantity,,,unknown,unavailable,finite_12_triangle_target,0.54,0.03393360065790052,0.03393360065790052,6.284000121833429,6.284000121833429,synthetic:curved,False,frozen_models/curved_common_gap/POTS33/L0.json,68b335957fd327f9dd7b45ada270c6a624fe32aa1f169700e5dd28206685b39b,2c9ea77b8792af7437bcef3685438a4c158e9f51d402751870b4d24d5b74c4aa,,True,True,saved L0 pairwise diagnostics
curved_common_gap,curved,synthetic:curved,leaf01,common_gap,synthetic,core_synthetic,POTS33,2,lamina_area,0.34882828175007596,model_unit^2,computed_model_quantity,,,unknown,unavailable,finite_12_triangle_target,0.33923213159858107,0.009596150151494898,0.009596150151494898,2.828785736266923,2.828785736266923,synthetic:curved,False,frozen_models/curved_common_gap/POTS33/L2.json,643297738a4f137f38d209aee0ee770545b428d49d73c62447b41df6a81df39a,2c9ea77b8792af7437bcef3685438a4c158e9f51d402751870b4d24d5b74c4aa,,True,True,same-surface inheritance from earlier bitwise midpoint check; pairwise L2 intersections not enumerated
curved_common_gap,curved,synthetic:curved,leaf01,common_gap,synthetic,core_synthetic,POTS33,2,midrib_arc_length,1.025348080082267,model_unit,computed_model_quantity,,,unknown,unavailable,finite_12_triangle_target,1.025411364518029,-6.328443576197884e-05,6.328443576197884e-05,-0.006171614432196608,0.006171614432196608,synthetic:curved,False,frozen_models/curved_common_gap/POTS33/L2.json,643297738a4f137f38d209aee0ee770545b428d49d73c62447b41df6a81df39a,2c9ea77b8792af7437bcef3685438a4c158e9f51d402751870b4d24d5b74c4aa,,True,True,same-surface inheritance from earlier bitwise midpoint check; pairwise L2 intersections not enumerated
curved_common_gap,curved,synthetic:curved,leaf01,common_gap,synthetic,core_synthetic,POTS33,2,half_arc_section_chord_width,0.5739336006579006,model_unit,computed_model_quantity,,,unknown,unavailable,finite_12_triangle_target,0.54,0.03393360065790052,0.03393360065790052,6.284000121833429,6.284000121833429,synthetic:curved,False,frozen_models/curved_common_gap/POTS33/L2.json,643297738a4f137f38d209aee0ee770545b428d49d73c62447b41df6a81df39a,2c9ea77b8792af7437bcef3685438a4c158e9f51d402751870b4d24d5b74c4aa,,True,True,same-surface inheritance from earlier bitwise midpoint check; pairwise L2 intersections not enumerated
curved_common_gap,curved,synthetic:curved,leaf01,common_gap,synthetic,core_synthetic,symmetric24,0,lamina_area,0.3581951415866842,model_unit^2,computed_model_quantity,,,unknown,unavailable,finite_12_triangle_target,0.33923213159858107,0.01896300998810313,0.01896300998810313,5.58998049469629,5.58998049469629,synthetic:curved,False,frozen_models/curved_common_gap/symmetric24/L0.json,7f525e41ce213837c5b85d0279f51936dd520a8e68443a181dc3dc9dcb6d9455,2c9ea77b8792af7437bcef3685438a4c158e9f51d402751870b4d24d5b74c4aa,,True,True,saved L0 pairwise diagnostics
curved_common_gap,curved,synthetic:curved,leaf01,common_gap,synthetic,core_synthetic,symmetric24,0,midrib_arc_length,1.0245001580117936,model_unit,computed_model_quantity,,,unknown,unavailable,finite_12_triangle_target,1.025411364518029,-0.0009112065062353292,0.0009112065062353292,-0.08886253242020785,0.08886253242020785,synthetic:curved,False,frozen_models/curved_common_gap/symmetric24/L0.json,7f525e41ce213837c5b85d0279f51936dd520a8e68443a181dc3dc9dcb6d9455,2c9ea77b8792af7437bcef3685438a4c158e9f51d402751870b4d24d5b74c4aa,,True,True,saved L0 pairwise diagnostics
curved_common_gap,curved,synthetic:curved,leaf01,common_gap,synthetic,core_synthetic,symmetric24,0,half_arc_section_chord_width,0.570318365625284,model_unit,computed_model_quantity,,,unknown,unavailable,finite_12_triangle_target,0.54,0.030318365625284005,0.030318365625284005,5.614512152830371,5.614512152830371,synthetic:curved,False,frozen_models/curved_common_gap/symmetric24/L0.json,7f525e41ce213837c5b85d0279f51936dd520a8e68443a181dc3dc9dcb6d9455,2c9ea77b8792af7437bcef3685438a4c158e9f51d402751870b4d24d5b74c4aa,,True,True,saved L0 pairwise diagnostics
curved_common_gap,curved,synthetic:curved,leaf01,common_gap,synthetic,core_synthetic,symmetric24,2,lamina_area,0.3581951415866842,model_unit^2,computed_model_quantity,,,unknown,unavailable,finite_12_triangle_target,0.33923213159858107,0.01896300998810313,0.01896300998810313,5.58998049469629,5.58998049469629,synthetic:curved,False,frozen_models/curved_common_gap/symmetric24/L2.json,fb88ebf0b4c4f6a1d94dfaa20a6f5139ea28285dc065b0f8929da21ab7688c6c,2c9ea77b8792af7437bcef3685438a4c158e9f51d402751870b4d24d5b74c4aa,,True,True,same-surface inheritance from earlier bitwise midpoint check; pairwise L2 intersections not enumerated
curved_common_gap,curved,synthetic:curved,leaf01,common_gap,synthetic,core_synthetic,symmetric24,2,midrib_arc_length,1.0245001580117936,model_unit,computed_model_quantity,,,unknown,unavailable,finite_12_triangle_target,1.025411364518029,-0.0009112065062353292,0.0009112065062353292,-0.08886253242020785,0.08886253242020785,synthetic:curved,False,frozen_models/curved_common_gap/symmetric24/L2.json,fb88ebf0b4c4f6a1d94dfaa20a6f5139ea28285dc065b0f8929da21ab7688c6c,2c9ea77b8792af7437bcef3685438a4c158e9f51d402751870b4d24d5b74c4aa,,True,True,same-surface inheritance from earlier bitwise midpoint check; pairwise L2 intersections not enumerated
curved_common_gap,curved,synthetic:curved,leaf01,common_gap,synthetic,core_synthetic,symmetric24,2,half_arc_section_chord_width,0.570318365625284,model_unit,computed_model_quantity,,,unknown,unavailable,finite_12_triangle_target,0.54,0.030318365625284005,0.030318365625284005,5.614512152830371,5.614512152830371,synthetic:curved,False,frozen_models/curved_common_gap/symmetric24/L2.json,fb88ebf0b4c4f6a1d94dfaa20a6f5139ea28285dc065b0f8929da21ab7688c6c,2c9ea77b8792af7437bcef3685438a4c158e9f51d402751870b4d24d5b74c4aa,,True,True,same-surface inheritance from earlier bitwise midpoint check; pairwise L2 intersections not enumerated
twisted_complementary,twisted,synthetic:twisted,leaf01,complementary,synthetic,core_synthetic,POTS33,0,lamina_area,0.3548921814330456,model_unit^2,computed_model_quantity,,,unknown,unavailable,finite_12_triangle_target,0.3421780834699485,0.012714097963097082,0.012714097963097082,3.71563772704738,3.71563772704738,synthetic:twisted,False,frozen_models/twisted_complementary/POTS33/L0.json,3cba2763e0c5b0a05a11aaccf8e5fc2e1c0dfef12a6d8f114edfb41dc1d635b2,b8f93c74c61fbc27e37f15e2b9f8c3a5fcd5ee736dce2b2c68980ce5ef45f15d,,True,True,saved L0 pairwise diagnostics
twisted_complementary,twisted,synthetic:twisted,leaf01,complementary,synthetic,core_synthetic,POTS33,0,midrib_arc_length,1.0219042318785179,model_unit,computed_model_quantity,,,unknown,unavailable,finite_12_triangle_target,1.021767100844654,0.0001371310338638132,0.0001371310338638132,0.013420967826273958,0.013420967826273958,synthetic:twisted,False,frozen_models/twisted_complementary/POTS33/L0.json,3cba2763e0c5b0a05a11aaccf8e5fc2e1c0dfef12a6d8f114edfb41dc1d635b2,b8f93c74c61fbc27e37f15e2b9f8c3a5fcd5ee736dce2b2c68980ce5ef45f15d,,True,True,saved L0 pairwise diagnostics
twisted_complementary,twisted,synthetic:twisted,leaf01,complementary,synthetic,core_synthetic,POTS33,0,half_arc_section_chord_width,0.5426288013703351,model_unit,computed_model_quantity,,,unknown,unavailable,finite_12_triangle_target,0.5135097130690542,0.02911908830128085,0.02911908830128085,5.670601268133181,5.670601268133181,synthetic:twisted,False,frozen_models/twisted_complementary/POTS33/L0.json,3cba2763e0c5b0a05a11aaccf8e5fc2e1c0dfef12a6d8f114edfb41dc1d635b2,b8f93c74c61fbc27e37f15e2b9f8c3a5fcd5ee736dce2b2c68980ce5ef45f15d,,True,True,saved L0 pairwise diagnostics
twisted_complementary,twisted,synthetic:twisted,leaf01,complementary,synthetic,core_synthetic,POTS33,2,lamina_area,0.3548921814330456,model_unit^2,computed_model_quantity,,,unknown,unavailable,finite_12_triangle_target,0.3421780834699485,0.012714097963097082,0.012714097963097082,3.71563772704738,3.71563772704738,synthetic:twisted,False,frozen_models/twisted_complementary/POTS33/L2.json,34c1730f190b332c9cdc7a5a2b00d6725a43ab46f526184203d055d9338bf56c,b8f93c74c61fbc27e37f15e2b9f8c3a5fcd5ee736dce2b2c68980ce5ef45f15d,,True,True,same-surface inheritance from earlier bitwise midpoint check; pairwise L2 intersections not enumerated
twisted_complementary,twisted,synthetic:twisted,leaf01,complementary,synthetic,core_synthetic,POTS33,2,midrib_arc_length,1.0219042318785179,model_unit,computed_model_quantity,,,unknown,unavailable,finite_12_triangle_target,1.021767100844654,0.0001371310338638132,0.0001371310338638132,0.013420967826273958,0.013420967826273958,synthetic:twisted,False,frozen_models/twisted_complementary/POTS33/L2.json,34c1730f190b332c9cdc7a5a2b00d6725a43ab46f526184203d055d9338bf56c,b8f93c74c61fbc27e37f15e2b9f8c3a5fcd5ee736dce2b2c68980ce5ef45f15d,,True,True,same-surface inheritance from earlier bitwise midpoint check; pairwise L2 intersections not enumerated
twisted_complementary,twisted,synthetic:twisted,leaf01,complementary,synthetic,core_synthetic,POTS33,2,half_arc_section_chord_width,0.5426288013703351,model_unit,computed_model_quantity,,,unknown,unavailable,finite_12_triangle_target,0.5135097130690542,0.02911908830128085,0.02911908830128085,5.670601268133181,5.670601268133181,synthetic:twisted,False,frozen_models/twisted_complementary/POTS33/L2.json,34c1730f190b332c9cdc7a5a2b00d6725a43ab46f526184203d055d9338bf56c,b8f93c74c61fbc27e37f15e2b9f8c3a5fcd5ee736dce2b2c68980ce5ef45f15d,,True,True,same-surface inheritance from earlier bitwise midpoint check; pairwise L2 intersections not enumerated
twisted_complementary,twisted,synthetic:twisted,leaf01,complementary,synthetic,core_synthetic,symmetric24,0,lamina_area,0.38133939674559303,model_unit^2,computed_model_quantity,,,unknown,unavailable,finite_12_triangle_target,0.3421780834699485,0.03916131327564454,0.03916131327564454,11.444716996050348,11.444716996050348,synthetic:twisted,False,frozen_models/twisted_complementary/symmetric24/L0.json,49b30d90b7246699a5d9a1d486d16a630bb6d24c1e2a6971db67211813ac69af,b8f93c74c61fbc27e37f15e2b9f8c3a5fcd5ee736dce2b2c68980ce5ef45f15d,,True,True,saved L0 pairwise diagnostics
twisted_complementary,twisted,synthetic:twisted,leaf01,complementary,synthetic,core_synthetic,symmetric24,0,midrib_arc_length,1.022258821048389,model_unit,computed_model_quantity,,,unknown,unavailable,finite_12_triangle_target,1.021767100844654,0.0004917202037348911,0.0004917202037348911,0.04812448975196066,0.04812448975196066,synthetic:twisted,False,frozen_models/twisted_complementary/symmetric24/L0.json,49b30d90b7246699a5d9a1d486d16a630bb6d24c1e2a6971db67211813ac69af,b8f93c74c61fbc27e37f15e2b9f8c3a5fcd5ee736dce2b2c68980ce5ef45f15d,,True,True,saved L0 pairwise diagnostics
twisted_complementary,twisted,synthetic:twisted,leaf01,complementary,synthetic,core_synthetic,symmetric24,0,half_arc_section_chord_width,0.5686573745406334,model_unit,computed_model_quantity,,,unknown,unavailable,finite_12_triangle_target,0.5135097130690542,0.055147661471579124,0.055147661471579124,10.739360925031448,10.739360925031448,synthetic:twisted,False,frozen_models/twisted_complementary/symmetric24/L0.json,49b30d90b7246699a5d9a1d486d16a630bb6d24c1e2a6971db67211813ac69af,b8f93c74c61fbc27e37f15e2b9f8c3a5fcd5ee736dce2b2c68980ce5ef45f15d,,True,True,saved L0 pairwise diagnostics
twisted_complementary,twisted,synthetic:twisted,leaf01,complementary,synthetic,core_synthetic,symmetric24,2,lamina_area,0.3813393967455929,model_unit^2,computed_model_quantity,,,unknown,unavailable,finite_12_triangle_target,0.3421780834699485,0.03916131327564443,0.03916131327564443,11.444716996050314,11.444716996050314,synthetic:twisted,False,frozen_models/twisted_complementary/symmetric24/L2.json,b7cb52f1c20c6a46b5b1f697be05d128968e9daea185d668de12977305a222ae,b8f93c74c61fbc27e37f15e2b9f8c3a5fcd5ee736dce2b2c68980ce5ef45f15d,,True,True,same-surface inheritance from earlier bitwise midpoint check; pairwise L2 intersections not enumerated
twisted_complementary,twisted,synthetic:twisted,leaf01,complementary,synthetic,core_synthetic,symmetric24,2,midrib_arc_length,1.022258821048389,model_unit,computed_model_quantity,,,unknown,unavailable,finite_12_triangle_target,1.021767100844654,0.0004917202037348911,0.0004917202037348911,0.04812448975196066,0.04812448975196066,synthetic:twisted,False,frozen_models/twisted_complementary/symmetric24/L2.json,b7cb52f1c20c6a46b5b1f697be05d128968e9daea185d668de12977305a222ae,b8f93c74c61fbc27e37f15e2b9f8c3a5fcd5ee736dce2b2c68980ce5ef45f15d,,True,True,same-surface inheritance from earlier bitwise midpoint check; pairwise L2 intersections not enumerated
twisted_complementary,twisted,synthetic:twisted,leaf01,complementary,synthetic,core_synthetic,symmetric24,2,half_arc_section_chord_width,0.5686573745406334,model_unit,computed_model_quantity,,,unknown,unavailable,finite_12_triangle_target,0.5135097130690542,0.055147661471579124,0.055147661471579124,10.739360925031448,10.739360925031448,synthetic:twisted,False,frozen_models/twisted_complementary/symmetric24/L2.json,b7cb52f1c20c6a46b5b1f697be05d128968e9daea185d668de12977305a222ae,b8f93c74c61fbc27e37f15e2b9f8c3a5fcd5ee736dce2b2c68980ce5ef45f15d,,True,True,same-surface inheritance from earlier bitwise midpoint check; pairwise L2 intersections not enumerated
twisted_common_gap,twisted,synthetic:twisted,leaf01,common_gap,synthetic,core_synthetic,POTS33,0,lamina_area,0.3542074826832782,model_unit^2,computed_model_quantity,,,unknown,unavailable,finite_12_triangle_target,0.3421780834699485,0.012029399213329683,0.012029399213329683,3.5155376087627643,3.5155376087627643,synthetic:twisted,False,frozen_models/twisted_common_gap/POTS33/L0.json,fb3b6d2a1bd56a9adedbe905c7f307dccb61eac48c1c7209fcf4065eb637b24a,b8f93c74c61fbc27e37f15e2b9f8c3a5fcd5ee736dce2b2c68980ce5ef45f15d,,True,False,saved L0 pairwise diagnostics
twisted_common_gap,twisted,synthetic:twisted,leaf01,common_gap,synthetic,core_synthetic,POTS33,0,midrib_arc_length,1.021668987699705,model_unit,computed_model_quantity,,,unknown,unavailable,finite_12_triangle_target,1.021767100844654,-9.811314494911905e-05,9.811314494911905e-05,-0.009602300256879755,0.009602300256879755,synthetic:twisted,False,frozen_models/twisted_common_gap/POTS33/L0.json,fb3b6d2a1bd56a9adedbe905c7f307dccb61eac48c1c7209fcf4065eb637b24a,b8f93c74c61fbc27e37f15e2b9f8c3a5fcd5ee736dce2b2c68980ce5ef45f15d,,True,False,saved L0 pairwise diagnostics
twisted_common_gap,twisted,synthetic:twisted,leaf01,common_gap,synthetic,core_synthetic,POTS33,0,half_arc_section_chord_width,0.5379067637568671,model_unit,computed_model_quantity,,,unknown,unavailable,finite_12_triangle_target,0.5135097130690542,0.024397050687812838,0.024397050687812838,4.751039769433152,4.751039769433152,synthetic:twisted,False,frozen_models/twisted_common_gap/POTS33/L0.json,fb3b6d2a1bd56a9adedbe905c7f307dccb61eac48c1c7209fcf4065eb637b24a,b8f93c74c61fbc27e37f15e2b9f8c3a5fcd5ee736dce2b2c68980ce5ef45f15d,,True,False,saved L0 pairwise diagnostics
twisted_common_gap,twisted,synthetic:twisted,leaf01,common_gap,synthetic,core_synthetic,POTS33,2,lamina_area,0.3542074826832782,model_unit^2,computed_model_quantity,,,unknown,unavailable,finite_12_triangle_target,0.3421780834699485,0.012029399213329683,0.012029399213329683,3.5155376087627643,3.5155376087627643,synthetic:twisted,False,frozen_models/twisted_common_gap/POTS33/L2.json,ccb777f87c7f6722efd05db11d2aaca59298df1249351d3d18821e97d2a7a8ef,b8f93c74c61fbc27e37f15e2b9f8c3a5fcd5ee736dce2b2c68980ce5ef45f15d,,True,False,same-surface inheritance from earlier bitwise midpoint check; pairwise L2 intersections not enumerated
twisted_common_gap,twisted,synthetic:twisted,leaf01,common_gap,synthetic,core_synthetic,POTS33,2,midrib_arc_length,1.021668987699705,model_unit,computed_model_quantity,,,unknown,unavailable,finite_12_triangle_target,1.021767100844654,-9.811314494911905e-05,9.811314494911905e-05,-0.009602300256879755,0.009602300256879755,synthetic:twisted,False,frozen_models/twisted_common_gap/POTS33/L2.json,ccb777f87c7f6722efd05db11d2aaca59298df1249351d3d18821e97d2a7a8ef,b8f93c74c61fbc27e37f15e2b9f8c3a5fcd5ee736dce2b2c68980ce5ef45f15d,,True,False,same-surface inheritance from earlier bitwise midpoint check; pairwise L2 intersections not enumerated
twisted_common_gap,twisted,synthetic:twisted,leaf01,common_gap,synthetic,core_synthetic,POTS33,2,half_arc_section_chord_width,0.537906763756867,model_unit,computed_model_quantity,,,unknown,unavailable,finite_12_triangle_target,0.5135097130690542,0.024397050687812727,0.024397050687812727,4.751039769433131,4.751039769433131,synthetic:twisted,False,frozen_models/twisted_common_gap/POTS33/L2.json,ccb777f87c7f6722efd05db11d2aaca59298df1249351d3d18821e97d2a7a8ef,b8f93c74c61fbc27e37f15e2b9f8c3a5fcd5ee736dce2b2c68980ce5ef45f15d,,True,False,same-surface inheritance from earlier bitwise midpoint check; pairwise L2 intersections not enumerated
twisted_common_gap,twisted,synthetic:twisted,leaf01,common_gap,synthetic,core_synthetic,symmetric24,0,lamina_area,0.5076193569126407,model_unit^2,computed_model_quantity,,,unknown,unavailable,finite_12_triangle_target,0.3421780834699485,0.16544127344269222,0.16544127344269222,48.349465215594954,48.349465215594954,synthetic:twisted,False,frozen_models/twisted_common_gap/symmetric24/L0.json,b0a65f12ccbf969cb432d8d178d59a816c2142c4dd6dcf0a8ecd5e6f229ac721,b8f93c74c61fbc27e37f15e2b9f8c3a5fcd5ee736dce2b2c68980ce5ef45f15d,,False,False,saved L0 pairwise diagnostics
twisted_common_gap,twisted,synthetic:twisted,leaf01,common_gap,synthetic,core_synthetic,symmetric24,0,midrib_arc_length,1.0649865332958108,model_unit,computed_model_quantity,,,unknown,unavailable,finite_12_triangle_target,1.021767100844654,0.04321943245115678,0.04321943245115678,4.229871211886643,4.229871211886643,synthetic:twisted,False,frozen_models/twisted_common_gap/symmetric24/L0.json,b0a65f12ccbf969cb432d8d178d59a816c2142c4dd6dcf0a8ecd5e6f229ac721,b8f93c74c61fbc27e37f15e2b9f8c3a5fcd5ee736dce2b2c68980ce5ef45f15d,,False,False,saved L0 pairwise diagnostics
twisted_common_gap,twisted,synthetic:twisted,leaf01,common_gap,synthetic,core_synthetic,symmetric24,0,half_arc_section_chord_width,0.5871101701323049,model_unit,computed_model_quantity,,,unknown,unavailable,finite_12_triangle_target,0.5135097130690542,0.07360045706325069,0.07360045706325069,14.332826661324177,14.332826661324177,synthetic:twisted,False,frozen_models/twisted_common_gap/symmetric24/L0.json,b0a65f12ccbf969cb432d8d178d59a816c2142c4dd6dcf0a8ecd5e6f229ac721,b8f93c74c61fbc27e37f15e2b9f8c3a5fcd5ee736dce2b2c68980ce5ef45f15d,,False,False,saved L0 pairwise diagnostics
twisted_common_gap,twisted,synthetic:twisted,leaf01,common_gap,synthetic,core_synthetic,symmetric24,2,lamina_area,0.5076193569126406,model_unit^2,computed_model_quantity,,,unknown,unavailable,finite_12_triangle_target,0.3421780834699485,0.1654412734426921,0.1654412734426921,48.34946521559492,48.34946521559492,synthetic:twisted,False,frozen_models/twisted_common_gap/symmetric24/L2.json,127ef88255c77a8359fe3b8248c013fbe11495a2e255a8be5d76ab58539f4bfe,b8f93c74c61fbc27e37f15e2b9f8c3a5fcd5ee736dce2b2c68980ce5ef45f15d,,False,False,same-surface inheritance from earlier bitwise midpoint check; pairwise L2 intersections not enumerated
twisted_common_gap,twisted,synthetic:twisted,leaf01,common_gap,synthetic,core_synthetic,symmetric24,2,midrib_arc_length,1.0649865332958108,model_unit,computed_model_quantity,,,unknown,unavailable,finite_12_triangle_target,1.021767100844654,0.04321943245115678,0.04321943245115678,4.229871211886643,4.229871211886643,synthetic:twisted,False,frozen_models/twisted_common_gap/symmetric24/L2.json,127ef88255c77a8359fe3b8248c013fbe11495a2e255a8be5d76ab58539f4bfe,b8f93c74c61fbc27e37f15e2b9f8c3a5fcd5ee736dce2b2c68980ce5ef45f15d,,False,False,same-surface inheritance from earlier bitwise midpoint check; pairwise L2 intersections not enumerated
twisted_common_gap,twisted,synthetic:twisted,leaf01,common_gap,synthetic,core_synthetic,symmetric24,2,half_arc_section_chord_width,0.5871101701323049,model_unit,computed_model_quantity,,,unknown,unavailable,finite_12_triangle_target,0.5135097130690542,0.07360045706325069,0.07360045706325069,14.332826661324177,14.332826661324177,synthetic:twisted,False,frozen_models/twisted_common_gap/symmetric24/L2.json,127ef88255c77a8359fe3b8248c013fbe11495a2e255a8be5d76ab58539f4bfe,b8f93c74c61fbc27e37f15e2b9f8c3a5fcd5ee736dce2b2c68980ce5ef45f15d,,False,False,same-surface inheritance from earlier bitwise midpoint check; pairwise L2 intersections not enumerated
smooth_wave_common_gap,smooth_wave,synthetic:smooth_wave,leaf01,common_gap,synthetic,analytic_synthetic,POTS33,0,lamina_area,0.4899782920425628,model_unit^2,computed_model_quantity,,,unknown,unavailable,frozen_L4_analytic_sampled_triangulation,0.39089468126385396,0.09908361077870886,0.09908361077870886,25.34790457070134,25.34790457070134,synthetic:smooth_wave,False,frozen_models/smooth_wave_common_gap/POTS33/L0.json,7290a9394813786d3c0c7545f90320d04a8bca367a8f08072ddff2e97119a556,851271b90dce388bb8eb9af457a5f4329661eb8d29020e3dd12342679aee89ef,,True,True,saved L0 pairwise diagnostics
smooth_wave_common_gap,smooth_wave,synthetic:smooth_wave,leaf01,common_gap,synthetic,analytic_synthetic,POTS33,0,midrib_arc_length,1.050407758116425,model_unit,computed_model_quantity,,,unknown,unavailable,frozen_L4_analytic_sampled_triangulation,1.0598587544596798,-0.009450996343254747,0.009450996343254747,-0.8917222510534343,0.8917222510534343,synthetic:smooth_wave,False,frozen_models/smooth_wave_common_gap/POTS33/L0.json,7290a9394813786d3c0c7545f90320d04a8bca367a8f08072ddff2e97119a556,851271b90dce388bb8eb9af457a5f4329661eb8d29020e3dd12342679aee89ef,,True,True,saved L0 pairwise diagnostics
smooth_wave_common_gap,smooth_wave,synthetic:smooth_wave,leaf01,common_gap,synthetic,analytic_synthetic,POTS33,0,half_arc_section_chord_width,0.6393648776880415,model_unit,computed_model_quantity,,,unknown,unavailable,frozen_L4_analytic_sampled_triangulation,0.4761018013673596,0.16326307632068193,0.16326307632068193,34.291631716534575,34.291631716534575,synthetic:smooth_wave,False,frozen_models/smooth_wave_common_gap/POTS33/L0.json,7290a9394813786d3c0c7545f90320d04a8bca367a8f08072ddff2e97119a556,851271b90dce388bb8eb9af457a5f4329661eb8d29020e3dd12342679aee89ef,,True,True,saved L0 pairwise diagnostics
smooth_wave_common_gap,smooth_wave,synthetic:smooth_wave,leaf01,common_gap,synthetic,analytic_synthetic,POTS33,2,lamina_area,0.48997829204256277,model_unit^2,computed_model_quantity,,,unknown,unavailable,frozen_L4_analytic_sampled_triangulation,0.39089468126385396,0.09908361077870881,0.09908361077870881,25.347904570701324,25.347904570701324,synthetic:smooth_wave,False,frozen_models/smooth_wave_common_gap/POTS33/L2.json,c2099a47dbeb4c0f49eb9bd4bcfab328eb2cbdaa5bd0188c64c748233b1c48be,851271b90dce388bb8eb9af457a5f4329661eb8d29020e3dd12342679aee89ef,,True,True,same-surface inheritance from earlier bitwise midpoint check; pairwise L2 intersections not enumerated
smooth_wave_common_gap,smooth_wave,synthetic:smooth_wave,leaf01,common_gap,synthetic,analytic_synthetic,POTS33,2,midrib_arc_length,1.050407758116425,model_unit,computed_model_quantity,,,unknown,unavailable,frozen_L4_analytic_sampled_triangulation,1.0598587544596798,-0.009450996343254747,0.009450996343254747,-0.8917222510534343,0.8917222510534343,synthetic:smooth_wave,False,frozen_models/smooth_wave_common_gap/POTS33/L2.json,c2099a47dbeb4c0f49eb9bd4bcfab328eb2cbdaa5bd0188c64c748233b1c48be,851271b90dce388bb8eb9af457a5f4329661eb8d29020e3dd12342679aee89ef,,True,True,same-surface inheritance from earlier bitwise midpoint check; pairwise L2 intersections not enumerated
smooth_wave_common_gap,smooth_wave,synthetic:smooth_wave,leaf01,common_gap,synthetic,analytic_synthetic,POTS33,2,half_arc_section_chord_width,0.6393648776880415,model_unit,computed_model_quantity,,,unknown,unavailable,frozen_L4_analytic_sampled_triangulation,0.4761018013673596,0.16326307632068193,0.16326307632068193,34.291631716534575,34.291631716534575,synthetic:smooth_wave,False,frozen_models/smooth_wave_common_gap/POTS33/L2.json,c2099a47dbeb4c0f49eb9bd4bcfab328eb2cbdaa5bd0188c64c748233b1c48be,851271b90dce388bb8eb9af457a5f4329661eb8d29020e3dd12342679aee89ef,,True,True,same-surface inheritance from earlier bitwise midpoint check; pairwise L2 intersections not enumerated
smooth_wave_common_gap,smooth_wave,synthetic:smooth_wave,leaf01,common_gap,synthetic,analytic_synthetic,symmetric24,0,lamina_area,0.4228646876540917,model_unit^2,computed_model_quantity,,,unknown,unavailable,frozen_L4_analytic_sampled_triangulation,0.39089468126385396,0.031970006390237726,0.031970006390237726,8.17867520910523,8.17867520910523,synthetic:smooth_wave,False,frozen_models/smooth_wave_common_gap/symmetric24/L0.json,24a26d733b988f456c14832fa6abee0e144e29e9024cf4f61a539a12c6fc3720,851271b90dce388bb8eb9af457a5f4329661eb8d29020e3dd12342679aee89ef,,True,True,saved L0 pairwise diagnostics
smooth_wave_common_gap,smooth_wave,synthetic:smooth_wave,leaf01,common_gap,synthetic,analytic_synthetic,symmetric24,0,midrib_arc_length,1.056646902534138,model_unit,computed_model_quantity,,,unknown,unavailable,frozen_L4_analytic_sampled_triangulation,1.0598587544596798,-0.003211851925541742,0.003211851925541742,-0.30304527957398975,0.30304527957398975,synthetic:smooth_wave,False,frozen_models/smooth_wave_common_gap/symmetric24/L0.json,24a26d733b988f456c14832fa6abee0e144e29e9024cf4f61a539a12c6fc3720,851271b90dce388bb8eb9af457a5f4329661eb8d29020e3dd12342679aee89ef,,True,True,saved L0 pairwise diagnostics
smooth_wave_common_gap,smooth_wave,synthetic:smooth_wave,leaf01,common_gap,synthetic,analytic_synthetic,symmetric24,0,half_arc_section_chord_width,0.5620732456637518,model_unit,computed_model_quantity,,,unknown,unavailable,frozen_L4_analytic_sampled_triangulation,0.4761018013673596,0.08597144429639225,0.08597144429639225,18.057365893068066,18.057365893068066,synthetic:smooth_wave,False,frozen_models/smooth_wave_common_gap/symmetric24/L0.json,24a26d733b988f456c14832fa6abee0e144e29e9024cf4f61a539a12c6fc3720,851271b90dce388bb8eb9af457a5f4329661eb8d29020e3dd12342679aee89ef,,True,True,saved L0 pairwise diagnostics
smooth_wave_common_gap,smooth_wave,synthetic:smooth_wave,leaf01,common_gap,synthetic,analytic_synthetic,symmetric24,2,lamina_area,0.4228646876540917,model_unit^2,computed_model_quantity,,,unknown,unavailable,frozen_L4_analytic_sampled_triangulation,0.39089468126385396,0.031970006390237726,0.031970006390237726,8.17867520910523,8.17867520910523,synthetic:smooth_wave,False,frozen_models/smooth_wave_common_gap/symmetric24/L2.json,8146c36ceed9a992de41e18884356cf1c812c384806e590cc440b78573586e10,851271b90dce388bb8eb9af457a5f4329661eb8d29020e3dd12342679aee89ef,,True,True,same-surface inheritance from earlier bitwise midpoint check; pairwise L2 intersections not enumerated
smooth_wave_common_gap,smooth_wave,synthetic:smooth_wave,leaf01,common_gap,synthetic,analytic_synthetic,symmetric24,2,midrib_arc_length,1.056646902534138,model_unit,computed_model_quantity,,,unknown,unavailable,frozen_L4_analytic_sampled_triangulation,1.0598587544596798,-0.003211851925541742,0.003211851925541742,-0.30304527957398975,0.30304527957398975,synthetic:smooth_wave,False,frozen_models/smooth_wave_common_gap/symmetric24/L2.json,8146c36ceed9a992de41e18884356cf1c812c384806e590cc440b78573586e10,851271b90dce388bb8eb9af457a5f4329661eb8d29020e3dd12342679aee89ef,,True,True,same-surface inheritance from earlier bitwise midpoint check; pairwise L2 intersections not enumerated
smooth_wave_common_gap,smooth_wave,synthetic:smooth_wave,leaf01,common_gap,synthetic,analytic_synthetic,symmetric24,2,half_arc_section_chord_width,0.5620732456637518,model_unit,computed_model_quantity,,,unknown,unavailable,frozen_L4_analytic_sampled_triangulation,0.4761018013673596,0.08597144429639225,0.08597144429639225,18.057365893068066,18.057365893068066,synthetic:smooth_wave,False,frozen_models/smooth_wave_common_gap/symmetric24/L2.json,8146c36ceed9a992de41e18884356cf1c812c384806e590cc440b78573586e10,851271b90dce388bb8eb9af457a5f4329661eb8d29020e3dd12342679aee89ef,,True,True,same-surface inheritance from earlier bitwise midpoint check; pairwise L2 intersections not enumerated
smooth_twist_common_gap,smooth_twist,synthetic:smooth_twist,leaf01,common_gap,synthetic,analytic_synthetic,POTS33,0,lamina_area,0.4904863226536089,model_unit^2,computed_model_quantity,,,unknown,unavailable,frozen_L4_analytic_sampled_triangulation,0.38214233566900035,0.10834398698460856,0.10834398698460856,28.351736217589014,28.351736217589014,synthetic:smooth_twist,False,frozen_models/smooth_twist_common_gap/POTS33/L0.json,12fee727b37722af9b2f0b44f90b72ea4c5a14fc284387b4dbf5083de0742256,6ec7f15a219071f4df3f0397e7459ee12899a479bd004cd8eb14c5546b6199ce,,True,True,saved L0 pairwise diagnostics
smooth_twist_common_gap,smooth_twist,synthetic:smooth_twist,leaf01,common_gap,synthetic,analytic_synthetic,POTS33,0,midrib_arc_length,1.1559900602272508,model_unit,computed_model_quantity,,,unknown,unavailable,frozen_L4_analytic_sampled_triangulation,1.0748037603981524,0.08118629982909842,0.08118629982909842,7.553592834381562,7.553592834381562,synthetic:smooth_twist,False,frozen_models/smooth_twist_common_gap/POTS33/L0.json,12fee727b37722af9b2f0b44f90b72ea4c5a14fc284387b4dbf5083de0742256,6ec7f15a219071f4df3f0397e7459ee12899a479bd004cd8eb14c5546b6199ce,,True,True,saved L0 pairwise diagnostics
smooth_twist_common_gap,smooth_twist,synthetic:smooth_twist,leaf01,common_gap,synthetic,analytic_synthetic,POTS33,0,half_arc_section_chord_width,0.5962998313207242,model_unit,computed_model_quantity,,,unknown,unavailable,frozen_L4_analytic_sampled_triangulation,0.5190958271218472,0.07720400419887696,0.07720400419887696,14.872784592960114,14.872784592960114,synthetic:smooth_twist,False,frozen_models/smooth_twist_common_gap/POTS33/L0.json,12fee727b37722af9b2f0b44f90b72ea4c5a14fc284387b4dbf5083de0742256,6ec7f15a219071f4df3f0397e7459ee12899a479bd004cd8eb14c5546b6199ce,,True,True,saved L0 pairwise diagnostics
smooth_twist_common_gap,smooth_twist,synthetic:smooth_twist,leaf01,common_gap,synthetic,analytic_synthetic,POTS33,2,lamina_area,0.490486322653609,model_unit^2,computed_model_quantity,,,unknown,unavailable,frozen_L4_analytic_sampled_triangulation,0.38214233566900035,0.10834398698460862,0.10834398698460862,28.351736217589032,28.351736217589032,synthetic:smooth_twist,False,frozen_models/smooth_twist_common_gap/POTS33/L2.json,8e9300c631a42b3c07baeea7e88aa8e49d8449efb9c39c88f95d7d2cd9b7428e,6ec7f15a219071f4df3f0397e7459ee12899a479bd004cd8eb14c5546b6199ce,,True,True,same-surface inheritance from earlier bitwise midpoint check; pairwise L2 intersections not enumerated
smooth_twist_common_gap,smooth_twist,synthetic:smooth_twist,leaf01,common_gap,synthetic,analytic_synthetic,POTS33,2,midrib_arc_length,1.1559900602272508,model_unit,computed_model_quantity,,,unknown,unavailable,frozen_L4_analytic_sampled_triangulation,1.0748037603981524,0.08118629982909842,0.08118629982909842,7.553592834381562,7.553592834381562,synthetic:smooth_twist,False,frozen_models/smooth_twist_common_gap/POTS33/L2.json,8e9300c631a42b3c07baeea7e88aa8e49d8449efb9c39c88f95d7d2cd9b7428e,6ec7f15a219071f4df3f0397e7459ee12899a479bd004cd8eb14c5546b6199ce,,True,True,same-surface inheritance from earlier bitwise midpoint check; pairwise L2 intersections not enumerated
smooth_twist_common_gap,smooth_twist,synthetic:smooth_twist,leaf01,common_gap,synthetic,analytic_synthetic,POTS33,2,half_arc_section_chord_width,0.5962998313207243,model_unit,computed_model_quantity,,,unknown,unavailable,frozen_L4_analytic_sampled_triangulation,0.5190958271218472,0.07720400419887707,0.07720400419887707,14.872784592960135,14.872784592960135,synthetic:smooth_twist,False,frozen_models/smooth_twist_common_gap/POTS33/L2.json,8e9300c631a42b3c07baeea7e88aa8e49d8449efb9c39c88f95d7d2cd9b7428e,6ec7f15a219071f4df3f0397e7459ee12899a479bd004cd8eb14c5546b6199ce,,True,True,same-surface inheritance from earlier bitwise midpoint check; pairwise L2 intersections not enumerated
smooth_twist_common_gap,smooth_twist,synthetic:smooth_twist,leaf01,common_gap,synthetic,analytic_synthetic,symmetric24,0,lamina_area,0.3864069774179135,model_unit^2,computed_model_quantity,,,unknown,unavailable,frozen_L4_analytic_sampled_triangulation,0.38214233566900035,0.004264641748913167,0.004264641748913167,1.115982541281965,1.115982541281965,synthetic:smooth_twist,False,frozen_models/smooth_twist_common_gap/symmetric24/L0.json,f3038043f5c1210bdd43c02be0575871a0255a706a627dfbf1294aa5fb350f8c,6ec7f15a219071f4df3f0397e7459ee12899a479bd004cd8eb14c5546b6199ce,,True,True,saved L0 pairwise diagnostics
smooth_twist_common_gap,smooth_twist,synthetic:smooth_twist,leaf01,common_gap,synthetic,analytic_synthetic,symmetric24,0,midrib_arc_length,1.0292038177912066,model_unit,computed_model_quantity,,,unknown,unavailable,frozen_L4_analytic_sampled_triangulation,1.0748037603981524,-0.045599942606945776,0.045599942606945776,-4.242629611758489,4.242629611758489,synthetic:smooth_twist,False,frozen_models/smooth_twist_common_gap/symmetric24/L0.json,f3038043f5c1210bdd43c02be0575871a0255a706a627dfbf1294aa5fb350f8c,6ec7f15a219071f4df3f0397e7459ee12899a479bd004cd8eb14c5546b6199ce,,True,True,saved L0 pairwise diagnostics
smooth_twist_common_gap,smooth_twist,synthetic:smooth_twist,leaf01,common_gap,synthetic,analytic_synthetic,symmetric24,0,half_arc_section_chord_width,0.6202343340903059,model_unit,computed_model_quantity,,,unknown,unavailable,frozen_L4_analytic_sampled_triangulation,0.5190958271218472,0.10113850696845872,0.10113850696845872,19.48359082931301,19.48359082931301,synthetic:smooth_twist,False,frozen_models/smooth_twist_common_gap/symmetric24/L0.json,f3038043f5c1210bdd43c02be0575871a0255a706a627dfbf1294aa5fb350f8c,6ec7f15a219071f4df3f0397e7459ee12899a479bd004cd8eb14c5546b6199ce,,True,True,saved L0 pairwise diagnostics
smooth_twist_common_gap,smooth_twist,synthetic:smooth_twist,leaf01,common_gap,synthetic,analytic_synthetic,symmetric24,2,lamina_area,0.3864069774179135,model_unit^2,computed_model_quantity,,,unknown,unavailable,frozen_L4_analytic_sampled_triangulation,0.38214233566900035,0.004264641748913167,0.004264641748913167,1.115982541281965,1.115982541281965,synthetic:smooth_twist,False,frozen_models/smooth_twist_common_gap/symmetric24/L2.json,ecbb2f27eef12ffca81c13a88a41f1489d7c0771cad3eec64e3d446b761a073e,6ec7f15a219071f4df3f0397e7459ee12899a479bd004cd8eb14c5546b6199ce,,True,True,same-surface inheritance from earlier bitwise midpoint check; pairwise L2 intersections not enumerated
smooth_twist_common_gap,smooth_twist,synthetic:smooth_twist,leaf01,common_gap,synthetic,analytic_synthetic,symmetric24,2,midrib_arc_length,1.0292038177912066,model_unit,computed_model_quantity,,,unknown,unavailable,frozen_L4_analytic_sampled_triangulation,1.0748037603981524,-0.045599942606945776,0.045599942606945776,-4.242629611758489,4.242629611758489,synthetic:smooth_twist,False,frozen_models/smooth_twist_common_gap/symmetric24/L2.json,ecbb2f27eef12ffca81c13a88a41f1489d7c0771cad3eec64e3d446b761a073e,6ec7f15a219071f4df3f0397e7459ee12899a479bd004cd8eb14c5546b6199ce,,True,True,same-surface inheritance from earlier bitwise midpoint check; pairwise L2 intersections not enumerated
smooth_twist_common_gap,smooth_twist,synthetic:smooth_twist,leaf01,common_gap,synthetic,analytic_synthetic,symmetric24,2,half_arc_section_chord_width,0.6202343340903059,model_unit,computed_model_quantity,,,unknown,unavailable,frozen_L4_analytic_sampled_triangulation,0.5190958271218472,0.10113850696845872,0.10113850696845872,19.48359082931301,19.48359082931301,synthetic:smooth_twist,False,frozen_models/smooth_twist_common_gap/symmetric24/L2.json,ecbb2f27eef12ffca81c13a88a41f1489d7c0771cad3eec64e3d446b761a073e,6ec7f15a219071f4df3f0397e7459ee12899a479bd004cd8eb14c5546b6199ce,,True,True,same-surface inheritance from earlier bitwise midpoint check; pairwise L2 intersections not enumerated
real_known_pilot,komatsuna_p00_d009_t00_leaf04,p00,leaf04,known_pilot,real,real,POTS33,0,lamina_area,1.509278566684103,model_unit^2,computed_model_quantity,,,unknown,unavailable,none,,,,,,p00,False,frozen_models/real_known_pilot/POTS33/L0.json,d161b6426d89dc383e21bed98393700726dd6599cf38feaddaa9a7b902cd0c53,,,True,True,saved L0 pairwise diagnostics
real_known_pilot,komatsuna_p00_d009_t00_leaf04,p00,leaf04,known_pilot,real,real,POTS33,0,midrib_arc_length,1.5825375307482565,model_unit,computed_model_quantity,,,unknown,unavailable,none,,,,,,p00,False,frozen_models/real_known_pilot/POTS33/L0.json,d161b6426d89dc383e21bed98393700726dd6599cf38feaddaa9a7b902cd0c53,,,True,True,saved L0 pairwise diagnostics
real_known_pilot,komatsuna_p00_d009_t00_leaf04,p00,leaf04,known_pilot,real,real,POTS33,0,half_arc_section_chord_width,1.1307712711940874,model_unit,computed_model_quantity,,,unknown,unavailable,none,,,,,,p00,False,frozen_models/real_known_pilot/POTS33/L0.json,d161b6426d89dc383e21bed98393700726dd6599cf38feaddaa9a7b902cd0c53,,,True,True,saved L0 pairwise diagnostics
real_known_pilot,komatsuna_p00_d009_t00_leaf04,p00,leaf04,known_pilot,real,real,POTS33,2,lamina_area,1.5092785666841029,model_unit^2,computed_model_quantity,,,unknown,unavailable,none,,,,,,p00,False,frozen_models/real_known_pilot/POTS33/L2.json,bb530ccc185e8edc97e35ea1ceba3fa79e85e3801a4101352aaa6aa79b80ff7a,,,True,True,same-surface inheritance from earlier bitwise midpoint check; pairwise L2 intersections not enumerated
real_known_pilot,komatsuna_p00_d009_t00_leaf04,p00,leaf04,known_pilot,real,real,POTS33,2,midrib_arc_length,1.5825375307482565,model_unit,computed_model_quantity,,,unknown,unavailable,none,,,,,,p00,False,frozen_models/real_known_pilot/POTS33/L2.json,bb530ccc185e8edc97e35ea1ceba3fa79e85e3801a4101352aaa6aa79b80ff7a,,,True,True,same-surface inheritance from earlier bitwise midpoint check; pairwise L2 intersections not enumerated
real_known_pilot,komatsuna_p00_d009_t00_leaf04,p00,leaf04,known_pilot,real,real,POTS33,2,half_arc_section_chord_width,1.130771271194087,model_unit,computed_model_quantity,,,unknown,unavailable,none,,,,,,p00,False,frozen_models/real_known_pilot/POTS33/L2.json,bb530ccc185e8edc97e35ea1ceba3fa79e85e3801a4101352aaa6aa79b80ff7a,,,True,True,same-surface inheritance from earlier bitwise midpoint check; pairwise L2 intersections not enumerated
real_known_pilot,komatsuna_p00_d009_t00_leaf04,p00,leaf04,known_pilot,real,real,symmetric24,0,lamina_area,2.008478621437496,model_unit^2,computed_model_quantity,,,unknown,unavailable,none,,,,,,p00,False,frozen_models/real_known_pilot/symmetric24/L0.json,4fa18b07938e3de7ac824324ac7d9c198856ef7b18ed2ef85e8cdb91e028fe03,,,True,True,saved L0 pairwise diagnostics
real_known_pilot,komatsuna_p00_d009_t00_leaf04,p00,leaf04,known_pilot,real,real,symmetric24,0,midrib_arc_length,1.5973298228137063,model_unit,computed_model_quantity,,,unknown,unavailable,none,,,,,,p00,False,frozen_models/real_known_pilot/symmetric24/L0.json,4fa18b07938e3de7ac824324ac7d9c198856ef7b18ed2ef85e8cdb91e028fe03,,,True,True,saved L0 pairwise diagnostics
real_known_pilot,komatsuna_p00_d009_t00_leaf04,p00,leaf04,known_pilot,real,real,symmetric24,0,half_arc_section_chord_width,1.1170359679619888,model_unit,computed_model_quantity,,,unknown,unavailable,none,,,,,,p00,False,frozen_models/real_known_pilot/symmetric24/L0.json,4fa18b07938e3de7ac824324ac7d9c198856ef7b18ed2ef85e8cdb91e028fe03,,,True,True,saved L0 pairwise diagnostics
real_known_pilot,komatsuna_p00_d009_t00_leaf04,p00,leaf04,known_pilot,real,real,symmetric24,2,lamina_area,2.008478621437496,model_unit^2,computed_model_quantity,,,unknown,unavailable,none,,,,,,p00,False,frozen_models/real_known_pilot/symmetric24/L2.json,844d8ca54b45c9a7cc6e30a1d1dc3d8218b3d98aefd2d039782a30b66a64a123,,,True,True,same-surface inheritance from earlier bitwise midpoint check; pairwise L2 intersections not enumerated
real_known_pilot,komatsuna_p00_d009_t00_leaf04,p00,leaf04,known_pilot,real,real,symmetric24,2,midrib_arc_length,1.5973298228137063,model_unit,computed_model_quantity,,,unknown,unavailable,none,,,,,,p00,False,frozen_models/real_known_pilot/symmetric24/L2.json,844d8ca54b45c9a7cc6e30a1d1dc3d8218b3d98aefd2d039782a30b66a64a123,,,True,True,same-surface inheritance from earlier bitwise midpoint check; pairwise L2 intersections not enumerated
real_known_pilot,komatsuna_p00_d009_t00_leaf04,p00,leaf04,known_pilot,real,real,symmetric24,2,half_arc_section_chord_width,1.1170359679619888,model_unit,computed_model_quantity,,,unknown,unavailable,none,,,,,,p00,False,frozen_models/real_known_pilot/symmetric24/L2.json,844d8ca54b45c9a7cc6e30a1d1dc3d8218b3d98aefd2d039782a30b66a64a123,,,True,True,same-surface inheritance from earlier bitwise midpoint check; pairwise L2 intersections not enumerated
real_p01,komatsuna_p01_d009_t00_leaf04,p01,leaf04,frozen_reviewed_pilot,real,real,POTS33,0,lamina_area,1.642789328321987,model_unit^2,computed_model_quantity,,,unknown,unavailable,none,,,,,,p01,False,frozen_models/real_p01/POTS33/L0.json,b24fab7798ef64660ead1f5a3ee2b14f7a3e0e2317e573357a6f6949c128c268,,,True,True,saved L0 pairwise diagnostics
real_p01,komatsuna_p01_d009_t00_leaf04,p01,leaf04,frozen_reviewed_pilot,real,real,POTS33,0,midrib_arc_length,1.6753862919916438,model_unit,computed_model_quantity,,,unknown,unavailable,none,,,,,,p01,False,frozen_models/real_p01/POTS33/L0.json,b24fab7798ef64660ead1f5a3ee2b14f7a3e0e2317e573357a6f6949c128c268,,,True,True,saved L0 pairwise diagnostics
real_p01,komatsuna_p01_d009_t00_leaf04,p01,leaf04,frozen_reviewed_pilot,real,real,POTS33,0,half_arc_section_chord_width,1.2500490374872977,model_unit,computed_model_quantity,,,unknown,unavailable,none,,,,,,p01,False,frozen_models/real_p01/POTS33/L0.json,b24fab7798ef64660ead1f5a3ee2b14f7a3e0e2317e573357a6f6949c128c268,,,True,True,saved L0 pairwise diagnostics
real_p01,komatsuna_p01_d009_t00_leaf04,p01,leaf04,frozen_reviewed_pilot,real,real,POTS33,2,lamina_area,1.6427893283219865,model_unit^2,computed_model_quantity,,,unknown,unavailable,none,,,,,,p01,False,frozen_models/real_p01/POTS33/L2.json,e3111a39d98c7fb6991a377a565cc637c5bc35d9c7beed1d8a05aa5f49bd925a,,,True,True,same-surface inheritance from earlier bitwise midpoint check; pairwise L2 intersections not enumerated
real_p01,komatsuna_p01_d009_t00_leaf04,p01,leaf04,frozen_reviewed_pilot,real,real,POTS33,2,midrib_arc_length,1.6753862919916438,model_unit,computed_model_quantity,,,unknown,unavailable,none,,,,,,p01,False,frozen_models/real_p01/POTS33/L2.json,e3111a39d98c7fb6991a377a565cc637c5bc35d9c7beed1d8a05aa5f49bd925a,,,True,True,same-surface inheritance from earlier bitwise midpoint check; pairwise L2 intersections not enumerated
real_p01,komatsuna_p01_d009_t00_leaf04,p01,leaf04,frozen_reviewed_pilot,real,real,POTS33,2,half_arc_section_chord_width,1.2500490374872975,model_unit,computed_model_quantity,,,unknown,unavailable,none,,,,,,p01,False,frozen_models/real_p01/POTS33/L2.json,e3111a39d98c7fb6991a377a565cc637c5bc35d9c7beed1d8a05aa5f49bd925a,,,True,True,same-surface inheritance from earlier bitwise midpoint check; pairwise L2 intersections not enumerated
real_p01,komatsuna_p01_d009_t00_leaf04,p01,leaf04,frozen_reviewed_pilot,real,real,symmetric24,0,lamina_area,1.6804102123823186,model_unit^2,computed_model_quantity,,,unknown,unavailable,none,,,,,,p01,False,frozen_models/real_p01/symmetric24/L0.json,f5d128ceee214ab080a24e1b9694277fe509d5e521542cd72e36878370b7b56e,,,True,True,saved L0 pairwise diagnostics
real_p01,komatsuna_p01_d009_t00_leaf04,p01,leaf04,frozen_reviewed_pilot,real,real,symmetric24,0,midrib_arc_length,1.7350380879583414,model_unit,computed_model_quantity,,,unknown,unavailable,none,,,,,,p01,False,frozen_models/real_p01/symmetric24/L0.json,f5d128ceee214ab080a24e1b9694277fe509d5e521542cd72e36878370b7b56e,,,True,True,saved L0 pairwise diagnostics
real_p01,komatsuna_p01_d009_t00_leaf04,p01,leaf04,frozen_reviewed_pilot,real,real,symmetric24,0,half_arc_section_chord_width,1.2858218582058374,model_unit,computed_model_quantity,,,unknown,unavailable,none,,,,,,p01,False,frozen_models/real_p01/symmetric24/L0.json,f5d128ceee214ab080a24e1b9694277fe509d5e521542cd72e36878370b7b56e,,,True,True,saved L0 pairwise diagnostics
real_p01,komatsuna_p01_d009_t00_leaf04,p01,leaf04,frozen_reviewed_pilot,real,real,symmetric24,2,lamina_area,1.6804102123823184,model_unit^2,computed_model_quantity,,,unknown,unavailable,none,,,,,,p01,False,frozen_models/real_p01/symmetric24/L2.json,1714bc683d76413a8d8bf7c28d55dcff44283fe0430266cec95bbe8aafacec15,,,True,True,same-surface inheritance from earlier bitwise midpoint check; pairwise L2 intersections not enumerated
real_p01,komatsuna_p01_d009_t00_leaf04,p01,leaf04,frozen_reviewed_pilot,real,real,symmetric24,2,midrib_arc_length,1.7350380879583414,model_unit,computed_model_quantity,,,unknown,unavailable,none,,,,,,p01,False,frozen_models/real_p01/symmetric24/L2.json,1714bc683d76413a8d8bf7c28d55dcff44283fe0430266cec95bbe8aafacec15,,,True,True,same-surface inheritance from earlier bitwise midpoint check; pairwise L2 intersections not enumerated
real_p01,komatsuna_p01_d009_t00_leaf04,p01,leaf04,frozen_reviewed_pilot,real,real,symmetric24,2,half_arc_section_chord_width,1.2858218582058372,model_unit,computed_model_quantity,,,unknown,unavailable,none,,,,,,p01,False,frozen_models/real_p01/symmetric24/L2.json,1714bc683d76413a8d8bf7c28d55dcff44283fe0430266cec95bbe8aafacec15,,,True,True,same-surface inheritance from earlier bitwise midpoint check; pairwise L2 intersections not enumerated
real_p02,komatsuna_p02_d009_t00_leaf04,p02,leaf04,frozen_reviewed_pilot,real,real,POTS33,0,lamina_area,1.4939314505910286,model_unit^2,computed_model_quantity,,,unknown,unavailable,none,,,,,,p02,False,frozen_models/real_p02/POTS33/L0.json,ee4f13013381b17ba7c82a4ec64dfc98b2e38cc1d2ad90edee4730bdd4b3911f,,,True,True,saved L0 pairwise diagnostics
real_p02,komatsuna_p02_d009_t00_leaf04,p02,leaf04,frozen_reviewed_pilot,real,real,POTS33,0,midrib_arc_length,1.7676378323816386,model_unit,computed_model_quantity,,,unknown,unavailable,none,,,,,,p02,False,frozen_models/real_p02/POTS33/L0.json,ee4f13013381b17ba7c82a4ec64dfc98b2e38cc1d2ad90edee4730bdd4b3911f,,,True,True,saved L0 pairwise diagnostics
real_p02,komatsuna_p02_d009_t00_leaf04,p02,leaf04,frozen_reviewed_pilot,real,real,POTS33,0,half_arc_section_chord_width,1.2360573394710914,model_unit,computed_model_quantity,,,unknown,unavailable,none,,,,,,p02,False,frozen_models/real_p02/POTS33/L0.json,ee4f13013381b17ba7c82a4ec64dfc98b2e38cc1d2ad90edee4730bdd4b3911f,,,True,True,saved L0 pairwise diagnostics
real_p02,komatsuna_p02_d009_t00_leaf04,p02,leaf04,frozen_reviewed_pilot,real,real,POTS33,2,lamina_area,1.4939314505910293,model_unit^2,computed_model_quantity,,,unknown,unavailable,none,,,,,,p02,False,frozen_models/real_p02/POTS33/L2.json,911f4e2d29a40520497565a91cd75eefdd0708346eb1cc3af37bb6c113dbc6d8,,,True,True,same-surface inheritance from earlier bitwise midpoint check; pairwise L2 intersections not enumerated
real_p02,komatsuna_p02_d009_t00_leaf04,p02,leaf04,frozen_reviewed_pilot,real,real,POTS33,2,midrib_arc_length,1.7676378323816386,model_unit,computed_model_quantity,,,unknown,unavailable,none,,,,,,p02,False,frozen_models/real_p02/POTS33/L2.json,911f4e2d29a40520497565a91cd75eefdd0708346eb1cc3af37bb6c113dbc6d8,,,True,True,same-surface inheritance from earlier bitwise midpoint check; pairwise L2 intersections not enumerated
real_p02,komatsuna_p02_d009_t00_leaf04,p02,leaf04,frozen_reviewed_pilot,real,real,POTS33,2,half_arc_section_chord_width,1.2360573394710914,model_unit,computed_model_quantity,,,unknown,unavailable,none,,,,,,p02,False,frozen_models/real_p02/POTS33/L2.json,911f4e2d29a40520497565a91cd75eefdd0708346eb1cc3af37bb6c113dbc6d8,,,True,True,same-surface inheritance from earlier bitwise midpoint check; pairwise L2 intersections not enumerated
real_p02,komatsuna_p02_d009_t00_leaf04,p02,leaf04,frozen_reviewed_pilot,real,real,symmetric24,0,lamina_area,1.4032785305856268,model_unit^2,computed_model_quantity,,,unknown,unavailable,none,,,,,,p02,False,frozen_models/real_p02/symmetric24/L0.json,f7c8851799690112c00f52fe27f9443970f947bcad427e8befaa722dfc49dcd4,,,True,True,saved L0 pairwise diagnostics
real_p02,komatsuna_p02_d009_t00_leaf04,p02,leaf04,frozen_reviewed_pilot,real,real,symmetric24,0,midrib_arc_length,1.6515356438470088,model_unit,computed_model_quantity,,,unknown,unavailable,none,,,,,,p02,False,frozen_models/real_p02/symmetric24/L0.json,f7c8851799690112c00f52fe27f9443970f947bcad427e8befaa722dfc49dcd4,,,True,True,saved L0 pairwise diagnostics
real_p02,komatsuna_p02_d009_t00_leaf04,p02,leaf04,frozen_reviewed_pilot,real,real,symmetric24,0,half_arc_section_chord_width,1.2769072937913468,model_unit,computed_model_quantity,,,unknown,unavailable,none,,,,,,p02,False,frozen_models/real_p02/symmetric24/L0.json,f7c8851799690112c00f52fe27f9443970f947bcad427e8befaa722dfc49dcd4,,,True,True,saved L0 pairwise diagnostics
real_p02,komatsuna_p02_d009_t00_leaf04,p02,leaf04,frozen_reviewed_pilot,real,real,symmetric24,2,lamina_area,1.4032785305856268,model_unit^2,computed_model_quantity,,,unknown,unavailable,none,,,,,,p02,False,frozen_models/real_p02/symmetric24/L2.json,496d57233495e06156bb5ac5063ab0b21874983b7e02961389721de8ddc9074d,,,True,True,same-surface inheritance from earlier bitwise midpoint check; pairwise L2 intersections not enumerated
real_p02,komatsuna_p02_d009_t00_leaf04,p02,leaf04,frozen_reviewed_pilot,real,real,symmetric24,2,midrib_arc_length,1.6515356438470088,model_unit,computed_model_quantity,,,unknown,unavailable,none,,,,,,p02,False,frozen_models/real_p02/symmetric24/L2.json,496d57233495e06156bb5ac5063ab0b21874983b7e02961389721de8ddc9074d,,,True,True,same-surface inheritance from earlier bitwise midpoint check; pairwise L2 intersections not enumerated
real_p02,komatsuna_p02_d009_t00_leaf04,p02,leaf04,frozen_reviewed_pilot,real,real,symmetric24,2,half_arc_section_chord_width,1.2769072937913468,model_unit,computed_model_quantity,,,unknown,unavailable,none,,,,,,p02,False,frozen_models/real_p02/symmetric24/L2.json,496d57233495e06156bb5ac5063ab0b21874983b7e02961389721de8ddc9074d,,,True,True,same-surface inheritance from earlier bitwise midpoint check; pairwise L2 intersections not enumerated
