case_id,plant_id,method,level,quantity,stage,failure_type,reason
real_known_pilot,p00,POTS33,0,lamina_area,physical_reference_comparison,reference_insufficient,Unknown physical scale and no independent same-leaf same-state quantity reference; model quantity computation retained.
real_known_pilot,p00,POTS33,0,midrib_arc_length,physical_reference_comparison,reference_insufficient,Unknown physical scale and no independent same-leaf same-state quantity reference; model quantity computation retained.
real_known_pilot,p00,POTS33,0,half_arc_section_chord_width,physical_reference_comparison,reference_insufficient,Unknown physical scale and no independent same-leaf same-state quantity reference; model quantity computation retained.
real_known_pilot,p00,symmetric24,0,lamina_area,physical_reference_comparison,reference_insufficient,Unknown physical scale and no independent same-leaf same-state quantity reference; model quantity computation retained.
real_known_pilot,p00,symmetric24,0,midrib_arc_length,physical_reference_comparison,reference_insufficient,Unknown physical scale and no independent same-leaf same-state quantity reference; model quantity computation retained.
real_known_pilot,p00,symmetric24,0,half_arc_section_chord_width,physical_reference_comparison,reference_insufficient,Unknown physical scale and no independent same-leaf same-state quantity reference; model quantity computation retained.
real_p01,p01,POTS33,0,lamina_area,physical_reference_comparison,reference_insufficient,Unknown physical scale and no independent same-leaf same-state quantity reference; model quantity computation retained.
real_p01,p01,POTS33,0,midrib_arc_length,physical_reference_comparison,reference_insufficient,Unknown physical scale and no independent same-leaf same-state quantity reference; model quantity computation retained.
real_p01,p01,POTS33,0,half_arc_section_chord_width,physical_reference_comparison,reference_insufficient,Unknown physical scale and no independent same-leaf same-state quantity reference; model quantity computation retained.
real_p01,p01,symmetric24,0,lamina_area,physical_reference_comparison,reference_insufficient,Unknown physical scale and no independent same-leaf same-state quantity reference; model quantity computation retained.
real_p01,p01,symmetric24,0,midrib_arc_length,physical_reference_comparison,reference_insufficient,Unknown physical scale and no independent same-leaf same-state quantity reference; model quantity computation retained.
real_p01,p01,symmetric24,0,half_arc_section_chord_width,physical_reference_comparison,reference_insufficient,Unknown physical scale and no independent same-leaf same-state quantity reference; model quantity computation retained.
real_p02,p02,POTS33,0,lamina_area,physical_reference_comparison,reference_insufficient,Unknown physical scale and no independent same-leaf same-state quantity reference; model quantity computation retained.
real_p02,p02,POTS33,0,midrib_arc_length,physical_reference_comparison,reference_insufficient,Unknown physical scale and no independent same-leaf same-state quantity reference; model quantity computation retained.
real_p02,p02,POTS33,0,half_arc_section_chord_width,physical_reference_comparison,reference_insufficient,Unknown physical scale and no independent same-leaf same-state quantity reference; model quantity computation retained.
real_p02,p02,symmetric24,0,lamina_area,physical_reference_comparison,reference_insufficient,Unknown physical scale and no independent same-leaf same-state quantity reference; model quantity computation retained.
real_p02,p02,symmetric24,0,midrib_arc_length,physical_reference_comparison,reference_insufficient,Unknown physical scale and no independent same-leaf same-state quantity reference; model quantity computation retained.
real_p02,p02,symmetric24,0,half_arc_section_chord_width,physical_reference_comparison,reference_insufficient,Unknown physical scale and no independent same-leaf same-state quantity reference; model quantity computation retained.
historical_real_p03,p03,not_fitted,,,historical_input_eligibility,input_not_met,Historical rejected annotation/T unavailable; no new replay fit attempted; excluded from frozen 3-leaf model denominator.
twisted_common_gap,synthetic:twisted,symmetric24,0,all_model_surface_quantities_retained,geometry_QC,geometry_qc_not_passed,"3 unexpected triangle intersection pairs; finite surface quantities retained, not a valid-anatomy or accuracy pass."
