case_id,target_id,target_family,condition,data_type,method,own_saved_qc_pass,pair_both_saved_qc_pass,triangle_intersection_pairs,degenerate_faces_at_normalized_area_1e_minus12,nonmanifold_edges,adjacent_edge_orientation_conflicts,degenerate_pairs_not_classified,adjacent_normal_angle_max_deg,finite_check_pairs,source_mesh_path,source_mesh_sha256,anatomical_validity_validated,physical_accuracy_validated,failure_reason
curved_complementary,curved,core_synthetic,complementary,synthetic,POTS33,True,True,0,0,0,0,0,28.301484482462993,66,frozen_models/curved_complementary/POTS33/L0.json,0bdabed5020c85c43b47a9953deb24c7a18aa5673336d9f02fde56dc9ee62359,False,False,
curved_complementary,curved,core_synthetic,complementary,synthetic,symmetric24,True,True,0,0,0,0,0,13.965565317565211,66,frozen_models/curved_complementary/symmetric24/L0.json,9b61c9e8156b91035f648ba98d2bad1cec8b7c627f5a66551916b871361bfed4,False,False,
curved_common_gap,curved,core_synthetic,common_gap,synthetic,POTS33,True,True,0,0,0,0,0,28.766188182333828,66,frozen_models/curved_common_gap/POTS33/L0.json,68b335957fd327f9dd7b45ada270c6a624fe32aa1f169700e5dd28206685b39b,False,False,
curved_common_gap,curved,core_synthetic,common_gap,synthetic,symmetric24,True,True,0,0,0,0,0,20.313973683995624,66,frozen_models/curved_common_gap/symmetric24/L0.json,7f525e41ce213837c5b85d0279f51936dd520a8e68443a181dc3dc9dcb6d9455,False,False,
twisted_complementary,twisted,core_synthetic,complementary,synthetic,POTS33,True,True,0,0,0,0,0,33.88805610424162,66,frozen_models/twisted_complementary/POTS33/L0.json,3cba2763e0c5b0a05a11aaccf8e5fc2e1c0dfef12a6d8f114edfb41dc1d635b2,False,False,
twisted_complementary,twisted,core_synthetic,complementary,synthetic,symmetric24,True,True,0,0,0,0,0,35.60203285697687,66,frozen_models/twisted_complementary/symmetric24/L0.json,49b30d90b7246699a5d9a1d486d16a630bb6d24c1e2a6971db67211813ac69af,False,False,
twisted_common_gap,twisted,core_synthetic,common_gap,synthetic,POTS33,True,False,0,0,0,0,0,29.80332606422935,66,frozen_models/twisted_common_gap/POTS33/L0.json,fb3b6d2a1bd56a9adedbe905c7f307dccb61eac48c1c7209fcf4065eb637b24a,False,False,
twisted_common_gap,twisted,core_synthetic,common_gap,synthetic,symmetric24,False,False,3,0,0,0,0,174.99081483923808,66,frozen_models/twisted_common_gap/symmetric24/L0.json,b0a65f12ccbf969cb432d8d178d59a816c2142c4dd6dcf0a8ecd5e6f229ac721,False,False,3 unexpected triangle intersection pairs; all numerical quantities retained
smooth_wave_common_gap,smooth_wave,analytic_synthetic,common_gap,synthetic,POTS33,True,True,0,0,0,0,0,33.65504858960321,66,frozen_models/smooth_wave_common_gap/POTS33/L0.json,7290a9394813786d3c0c7545f90320d04a8bca367a8f08072ddff2e97119a556,False,False,
smooth_wave_common_gap,smooth_wave,analytic_synthetic,common_gap,synthetic,symmetric24,True,True,0,0,0,0,0,51.30326639332049,66,frozen_models/smooth_wave_common_gap/symmetric24/L0.json,24a26d733b988f456c14832fa6abee0e144e29e9024cf4f61a539a12c6fc3720,False,False,
smooth_twist_common_gap,smooth_twist,analytic_synthetic,common_gap,synthetic,POTS33,True,True,0,0,0,0,0,85.35872558763553,66,frozen_models/smooth_twist_common_gap/POTS33/L0.json,12fee727b37722af9b2f0b44f90b72ea4c5a14fc284387b4dbf5083de0742256,False,False,
smooth_twist_common_gap,smooth_twist,analytic_synthetic,common_gap,synthetic,symmetric24,True,True,0,0,0,0,0,38.5271394512027,66,frozen_models/smooth_twist_common_gap/symmetric24/L0.json,f3038043f5c1210bdd43c02be0575871a0255a706a627dfbf1294aa5fb350f8c,False,False,
real_known_pilot,komatsuna_p00_d009_t00_leaf04,real,known_pilot,real,POTS33,True,True,0,0,0,0,0,60.07414132328338,66,frozen_models/real_known_pilot/POTS33/L0.json,d161b6426d89dc383e21bed98393700726dd6599cf38feaddaa9a7b902cd0c53,False,False,
real_known_pilot,komatsuna_p00_d009_t00_leaf04,real,known_pilot,real,symmetric24,True,True,0,0,0,0,0,91.01837193475565,66,frozen_models/real_known_pilot/symmetric24/L0.json,4fa18b07938e3de7ac824324ac7d9c198856ef7b18ed2ef85e8cdb91e028fe03,False,False,
real_p01,komatsuna_p01_d009_t00_leaf04,real,frozen_reviewed_pilot,real,POTS33,True,True,0,0,0,0,0,40.48408268222024,66,frozen_models/real_p01/POTS33/L0.json,b24fab7798ef64660ead1f5a3ee2b14f7a3e0e2317e573357a6f6949c128c268,False,False,
real_p01,komatsuna_p01_d009_t00_leaf04,real,frozen_reviewed_pilot,real,symmetric24,True,True,0,0,0,0,0,48.26696215570686,66,frozen_models/real_p01/symmetric24/L0.json,f5d128ceee214ab080a24e1b9694277fe509d5e521542cd72e36878370b7b56e,False,False,
real_p02,komatsuna_p02_d009_t00_leaf04,real,frozen_reviewed_pilot,real,POTS33,True,True,0,0,0,0,0,93.74920930965406,66,frozen_models/real_p02/POTS33/L0.json,ee4f13013381b17ba7c82a4ec64dfc98b2e38cc1d2ad90edee4730bdd4b3911f,False,False,
real_p02,komatsuna_p02_d009_t00_leaf04,real,frozen_reviewed_pilot,real,symmetric24,True,True,0,0,0,0,0,75.19351450252,66,frozen_models/real_p02/symmetric24/L0.json,f7c8851799690112c00f52fe27f9443970f947bcad427e8befaa722dfc49dcd4,False,False,
