scope,case_id,target_id,included,pair_both_saved_qc_pass,excluded_both_methods,nominal_target_weight,condition_weight_within_target,combined_weight
all_conditions_all_targets__all_outputs,curved_complementary,curved,True,True,False,0.25,0.5,0.125
all_conditions_all_targets__all_outputs,curved_common_gap,curved,True,True,False,0.25,0.5,0.125
all_conditions_all_targets__all_outputs,twisted_complementary,twisted,True,True,False,0.25,0.5,0.125
all_conditions_all_targets__all_outputs,twisted_common_gap,twisted,True,False,False,0.25,0.5,0.125
all_conditions_all_targets__all_outputs,smooth_wave_common_gap,smooth_wave,True,True,False,0.25,1.0,0.25
all_conditions_all_targets__all_outputs,smooth_twist_common_gap,smooth_twist,True,True,False,0.25,1.0,0.25
all_conditions_all_targets__both_pass_saved_qc,curved_complementary,curved,True,True,False,0.25,0.5,0.125
all_conditions_all_targets__both_pass_saved_qc,curved_common_gap,curved,True,True,False,0.25,0.5,0.125
all_conditions_all_targets__both_pass_saved_qc,twisted_complementary,twisted,True,True,False,0.25,1.0,0.25
all_conditions_all_targets__both_pass_saved_qc,twisted_common_gap,twisted,False,False,True,0,0,0
all_conditions_all_targets__both_pass_saved_qc,smooth_wave_common_gap,smooth_wave,True,True,False,0.25,1.0,0.25
all_conditions_all_targets__both_pass_saved_qc,smooth_twist_common_gap,smooth_twist,True,True,False,0.25,1.0,0.25
all_conditions_core_finite__all_outputs,curved_complementary,curved,True,True,False,0.5,0.5,0.25
all_conditions_core_finite__all_outputs,curved_common_gap,curved,True,True,False,0.5,0.5,0.25
all_conditions_core_finite__all_outputs,twisted_complementary,twisted,True,True,False,0.5,0.5,0.25
all_conditions_core_finite__all_outputs,twisted_common_gap,twisted,True,False,False,0.5,0.5,0.25
all_conditions_core_finite__both_pass_saved_qc,curved_complementary,curved,True,True,False,0.5,0.5,0.25
all_conditions_core_finite__both_pass_saved_qc,curved_common_gap,curved,True,True,False,0.5,0.5,0.25
all_conditions_core_finite__both_pass_saved_qc,twisted_complementary,twisted,True,True,False,0.5,1.0,0.5
all_conditions_core_finite__both_pass_saved_qc,twisted_common_gap,twisted,False,False,True,0,0,0
all_conditions_analytic_sampled__all_outputs,smooth_wave_common_gap,smooth_wave,True,True,False,0.5,1.0,0.5
all_conditions_analytic_sampled__all_outputs,smooth_twist_common_gap,smooth_twist,True,True,False,0.5,1.0,0.5
all_conditions_analytic_sampled__both_pass_saved_qc,smooth_wave_common_gap,smooth_wave,True,True,False,0.5,1.0,0.5
all_conditions_analytic_sampled__both_pass_saved_qc,smooth_twist_common_gap,smooth_twist,True,True,False,0.5,1.0,0.5
common_gap_all_targets__all_outputs,curved_common_gap,curved,True,True,False,0.25,1.0,0.25
common_gap_all_targets__all_outputs,twisted_common_gap,twisted,True,False,False,0.25,1.0,0.25
common_gap_all_targets__all_outputs,smooth_wave_common_gap,smooth_wave,True,True,False,0.25,1.0,0.25
common_gap_all_targets__all_outputs,smooth_twist_common_gap,smooth_twist,True,True,False,0.25,1.0,0.25
common_gap_all_targets__both_pass_saved_qc,curved_common_gap,curved,True,True,False,0.3333333333333333,1.0,0.3333333333333333
common_gap_all_targets__both_pass_saved_qc,twisted_common_gap,twisted,False,False,True,0,0,0
common_gap_all_targets__both_pass_saved_qc,smooth_wave_common_gap,smooth_wave,True,True,False,0.3333333333333333,1.0,0.3333333333333333
common_gap_all_targets__both_pass_saved_qc,smooth_twist_common_gap,smooth_twist,True,True,False,0.3333333333333333,1.0,0.3333333333333333
common_gap_core_finite__all_outputs,curved_common_gap,curved,True,True,False,0.5,1.0,0.5
common_gap_core_finite__all_outputs,twisted_common_gap,twisted,True,False,False,0.5,1.0,0.5
common_gap_core_finite__both_pass_saved_qc,curved_common_gap,curved,True,True,False,1.0,1.0,1.0
common_gap_core_finite__both_pass_saved_qc,twisted_common_gap,twisted,False,False,True,0,0,0
common_gap_analytic_sampled__all_outputs,smooth_wave_common_gap,smooth_wave,True,True,False,0.5,1.0,0.5
common_gap_analytic_sampled__all_outputs,smooth_twist_common_gap,smooth_twist,True,True,False,0.5,1.0,0.5
common_gap_analytic_sampled__both_pass_saved_qc,smooth_wave_common_gap,smooth_wave,True,True,False,0.5,1.0,0.5
common_gap_analytic_sampled__both_pass_saved_qc,smooth_twist_common_gap,smooth_twist,True,True,False,0.5,1.0,0.5
