scope,method,quantity,target_count,condition_count,signed_bias_target_equal,MAE_target_equal,RMSE_target_equal,ARE_percent_target_equal,model_unit,known_method_qc_failures_in_retained_set,retained_pair_failures,excluded_paired_conditions,CI,p_value,descriptive_only,post_hoc
all_conditions_all_targets__all_outputs,POTS33,lamina_area,4,6,0.05753166714532247,0.05753166714532247,0.07385178908451957,15.089887895304239,model_unit^2,0,1,0,,,True,True
all_conditions_all_targets__all_outputs,POTS33,midrib_arc_length,4,6,0.018052949077686814,0.022818796644491962,0.040868784973262746,2.1268910603580595,model_unit,0,1,0,,,True,True
all_conditions_all_targets__all_outputs,POTS33,half_arc_section_chord_width,4,6,0.07598782707869195,0.07598782707869195,0.09313091340772302,15.294094313581596,model_unit,0,1,0,,,True,True
all_conditions_all_targets__all_outputs,symmetric24,lamina_area,4,6,0.03932272023217294,0.03932272023217294,0.06293701461012184,11.180098401289694,model_unit^2,1,1,0,,,True,True
all_conditions_all_targets__all_outputs,symmetric24,midrib_arc_length,4,6,-0.006809628363918047,0.017824070528884545,0.027496484064347855,1.6865013307849852,model_unit,1,1,0,,,True,True
all_conditions_all_targets__all_outputs,symmetric24,half_arc_section_chord_width,4,6,0.07001467368128993,0.07001467368128993,0.07528078398690063,13.842164674857028,model_unit,1,1,0,,,True,True
all_conditions_all_targets__both_pass_saved_qc,POTS33,lamina_area,4,5,0.057617254489043396,0.057617254489043396,0.07386612539711326,15.114900410089815,model_unit^2,0,0,1,,,True,True
all_conditions_all_targets__both_pass_saved_qc,POTS33,midrib_arc_length,4,5,0.01808235460003843,0.0228236738806063,0.040868799010151884,2.127368393804234,model_unit,0,0,1,,,True,True
all_conditions_all_targets__both_pass_saved_qc,POTS33,half_arc_section_chord_width,4,5,0.07657808178037545,0.07657808178037545,0.09330034932845141,15.4090395009191,model_unit,0,0,1,,,True,True
all_conditions_all_targets__both_pass_saved_qc,symmetric24,lamina_area,4,5,0.02353772521129198,0.02353772521129198,0.02704472213623909,6.567004873846619,model_unit^2,0,0,1,,,True,True
all_conditions_all_targets__both_pass_saved_qc,symmetric24,midrib_arc_length,4,5,-0.012150592394845783,0.012483106497956808,0.02286037930176942,1.16378299051815,model_unit,0,0,1,,,True,True
all_conditions_all_targets__both_pass_saved_qc,symmetric24,half_arc_section_chord_width,4,5,0.06770807423233098,0.06770807423233098,0.07328182652210202,13.392981457820436,model_unit,0,0,1,,,True,True
all_conditions_core_finite__all_outputs,POTS33,lamina_area,2,4,0.011349535408986228,0.011349535408986228,0.011409766940427666,3.3299553964633013,model_unit^2,0,1,0,,,True,True
all_conditions_core_finite__all_outputs,POTS33,midrib_arc_length,2,4,0.00023824641245179246,0.0003189452028073414,0.0004968545776522629,0.03112457799862081,model_unit,0,1,0,,,True,True
all_conditions_core_finite__all_outputs,POTS33,half_arc_section_chord_width,2,4,0.03174211389760445,0.03174211389760445,0.032234901695167184,6.005980472415849,model_unit,0,1,0,,,True,True
all_conditions_core_finite__all_outputs,symmetric24,lamina_area,2,4,0.06052811639477043,0.06052811639477043,0.08603488465239072,17.71286792738579,model_unit^2,1,1,0,,,True,True
all_conditions_core_finite__all_outputs,symmetric24,midrib_arc_length,2,4,0.010786640538407666,0.01124224379152533,0.021616611495044586,1.1001652159037312,model_unit,1,1,0,,,True,True
all_conditions_core_finite__all_outputs,symmetric24,half_arc_section_chord_width,2,4,0.04647437173015437,0.04647437173015437,0.0502429045961364,8.91385098852352,model_unit,1,1,0,,,True,True
all_conditions_core_finite__both_pass_saved_qc,POTS33,lamina_area,2,3,0.011520710096428077,0.011520710096428077,0.011593888132558001,3.379980426034455,model_unit^2,0,0,1,,,True,True
all_conditions_core_finite__both_pass_saved_qc,POTS33,midrib_arc_length,2,3,0.0002970574571550255,0.00032869967503601494,0.0004991584459299435,0.03207924489096936,model_unit,0,0,1,,,True,True
all_conditions_core_finite__both_pass_saved_qc,POTS33,half_arc_section_chord_width,2,3,0.032922623300971454,0.032922623300971454,0.03320037940454315,6.2358708470908555,model_unit,0,0,1,,,True,True
all_conditions_core_finite__both_pass_saved_qc,symmetric24,lamina_area,2,3,0.028958126353008512,0.028958126353008512,0.030703415965223708,8.48668087249964,model_unit^2,0,0,1,,,True,True
all_conditions_core_finite__both_pass_saved_qc,symmetric24,midrib_arc_length,2,3,0.0001047124765521934,0.000560315729669858,0.0005987523422568213,0.05472853537006073,model_unit,0,0,1,,,True,True
all_conditions_core_finite__both_pass_saved_qc,symmetric24,half_arc_section_chord_width,2,3,0.041861172832236476,0.041861172832236476,0.0439364175112467,8.015484554450339,model_unit,0,0,1,,,True,True
all_conditions_analytic_sampled__all_outputs,POTS33,lamina_area,2,2,0.10371379888165871,0.10371379888165871,0.10381710225359717,26.849820394145176,model_unit^2,0,0,0,,,True,True
all_conditions_analytic_sampled__all_outputs,POTS33,midrib_arc_length,2,2,0.035867651742921836,0.04531864808617658,0.05779505433780853,4.222657542717498,model_unit,0,0,0,,,True,True
all_conditions_analytic_sampled__all_outputs,POTS33,half_arc_section_chord_width,2,2,0.12023354025977945,0.12023354025977945,0.12770139066203043,24.582208154747345,model_unit,0,0,0,,,True,True
all_conditions_analytic_sampled__all_outputs,symmetric24,lamina_area,2,2,0.018117324069575447,0.018117324069575447,0.022806451695062235,4.6473288751935975,model_unit^2,0,0,0,,,True,True
all_conditions_analytic_sampled__all_outputs,symmetric24,midrib_arc_length,2,2,-0.02440589726624376,0.02440589726624376,0.03232391342758759,2.2728374456662395,model_unit,0,0,0,,,True,True
all_conditions_analytic_sampled__all_outputs,symmetric24,half_arc_section_chord_width,2,2,0.09355497563242549,0.09355497563242549,0.09386183150305732,18.770478361190534,model_unit,0,0,0,,,True,True
all_conditions_analytic_sampled__both_pass_saved_qc,POTS33,lamina_area,2,2,0.10371379888165871,0.10371379888165871,0.10381710225359717,26.849820394145176,model_unit^2,0,0,0,,,True,True
all_conditions_analytic_sampled__both_pass_saved_qc,POTS33,midrib_arc_length,2,2,0.035867651742921836,0.04531864808617658,0.05779505433780853,4.222657542717498,model_unit,0,0,0,,,True,True
all_conditions_analytic_sampled__both_pass_saved_qc,POTS33,half_arc_section_chord_width,2,2,0.12023354025977945,0.12023354025977945,0.12770139066203043,24.582208154747345,model_unit,0,0,0,,,True,True
all_conditions_analytic_sampled__both_pass_saved_qc,symmetric24,lamina_area,2,2,0.018117324069575447,0.018117324069575447,0.022806451695062235,4.6473288751935975,model_unit^2,0,0,0,,,True,True
all_conditions_analytic_sampled__both_pass_saved_qc,symmetric24,midrib_arc_length,2,2,-0.02440589726624376,0.02440589726624376,0.03232391342758759,2.2728374456662395,model_unit,0,0,0,,,True,True
all_conditions_analytic_sampled__both_pass_saved_qc,symmetric24,half_arc_section_chord_width,2,2,0.09355497563242549,0.09355497563242549,0.09386183150305732,18.770478361190534,model_unit,0,0,0,,,True,True
common_gap_all_targets__all_outputs,POTS33,lamina_area,4,4,0.05726328678203549,0.05726328678203549,0.07381187909786506,15.010991033330006,model_unit^2,0,1,0,,,True,True
common_gap_all_targets__all_outputs,POTS33,midrib_arc_length,4,4,0.017893476476283143,0.022699673438266066,0.04086731653451662,2.1152722500310186,model_unit,0,1,0,,,True,True
common_gap_all_targets__all_outputs,POTS33,half_arc_section_chord_width,4,4,0.07469943296631806,0.07469943296631806,0.09268494442182425,15.049864050190317,model_unit,0,1,0,,,True,True
common_gap_all_targets__all_outputs,symmetric24,lamina_area,4,4,0.05515973289248656,0.05515973289248656,0.0848096091017801,15.80852586516961,model_unit^2,1,1,0,,,True,True
common_gap_all_targets__all_outputs,symmetric24,midrib_arc_length,4,4,-0.0016258921468915166,0.023235608372469907,0.03145798943529872,2.216102158909832,model_unit,1,1,0,,,True,True
common_gap_all_targets__all_outputs,symmetric24,half_arc_section_chord_width,4,4,0.07275719348834642,0.07275719348834642,0.07738914232682201,14.372073884133904,model_unit,1,1,0,,,True,True
common_gap_all_targets__both_pass_saved_qc,POTS33,lamina_area,3,3,0.07234124930493742,0.07234124930493742,0.0849471748370671,18.842808841519087,model_unit^2,0,0,1,,,True,True
common_gap_all_targets__both_pass_saved_qc,POTS33,midrib_arc_length,3,3,0.023890673016693897,0.030233526869371714,0.04718947840617401,2.8171622332890647,model_unit,0,0,1,,,True,True
common_gap_all_targets__both_pass_saved_qc,POTS33,half_arc_section_chord_width,3,3,0.0914668937258198,0.0914668937258198,0.10609238051126778,18.482805477109373,model_unit,0,0,1,,,True,True
common_gap_all_targets__both_pass_saved_qc,symmetric24,lamina_area,3,3,0.01839921937575134,0.01839921937575134,0.021601421447421103,4.961546081694495,model_unit^2,0,0,1,,,True,True
common_gap_all_targets__both_pass_saved_qc,symmetric24,midrib_arc_length,3,3,-0.016574333679574282,0.016574333679574282,0.026397607567387366,1.5448458079175624,model_unit,0,0,1,,,True,True
common_gap_all_targets__both_pass_saved_qc,symmetric24,half_arc_section_chord_width,3,3,0.07247610563004499,0.07247610563004499,0.07861147100435376,14.385156291737147,model_unit,0,0,1,,,True,True
common_gap_core_finite__all_outputs,POTS33,lamina_area,2,2,0.010812774682412263,0.010812774682412263,0.01088100508141806,3.1721616725148354,model_unit^2,0,1,0,,,True,True
common_gap_core_finite__all_outputs,POTS33,midrib_arc_length,2,2,-8.069879035554894e-05,8.069879035554894e-05,8.25563717150859e-05,0.007886957344538181,model_unit,0,1,0,,,True,True
common_gap_core_finite__all_outputs,POTS33,half_arc_section_chord_width,2,2,0.02916532567285668,0.02916532567285668,0.029552540803402805,5.517519945633291,model_unit,0,1,0,,,True,True
common_gap_core_finite__all_outputs,symmetric24,lamina_area,2,2,0.09220214171539767,0.09220214171539767,0.11775060659323279,26.969722855145623,model_unit^2,1,1,0,,,True,True
common_gap_core_finite__all_outputs,symmetric24,midrib_arc_length,2,2,0.021154112972460726,0.022065319478696055,0.030567545196638783,2.1593668721534254,model_unit,1,1,0,,,True,True
common_gap_core_finite__all_outputs,symmetric24,half_arc_section_chord_width,2,2,0.05195941134426735,0.05195941134426735,0.05628601324533392,9.973669407077274,model_unit,1,1,0,,,True,True
common_gap_core_finite__both_pass_saved_qc,POTS33,lamina_area,1,1,0.009596150151494842,0.009596150151494842,0.009596150151494842,2.8287857362669064,model_unit^2,0,0,1,,,True,True
common_gap_core_finite__both_pass_saved_qc,POTS33,midrib_arc_length,1,1,-6.328443576197884e-05,6.328443576197884e-05,6.328443576197884e-05,0.006171614432196608,model_unit,0,0,1,,,True,True
common_gap_core_finite__both_pass_saved_qc,POTS33,half_arc_section_chord_width,1,1,0.03393360065790052,0.03393360065790052,0.03393360065790052,6.2840001218334285,model_unit,0,0,1,,,True,True
common_gap_core_finite__both_pass_saved_qc,symmetric24,lamina_area,1,1,0.01896300998810313,0.01896300998810313,0.01896300998810313,5.58998049469629,model_unit^2,0,0,1,,,True,True
common_gap_core_finite__both_pass_saved_qc,symmetric24,midrib_arc_length,1,1,-0.0009112065062353292,0.0009112065062353292,0.0009112065062353292,0.08886253242020785,model_unit,0,0,1,,,True,True
common_gap_core_finite__both_pass_saved_qc,symmetric24,half_arc_section_chord_width,1,1,0.030318365625284005,0.030318365625284005,0.030318365625284005,5.614512152830371,model_unit,0,0,1,,,True,True
common_gap_analytic_sampled__all_outputs,POTS33,lamina_area,2,2,0.10371379888165871,0.10371379888165871,0.10381710225359717,26.849820394145176,model_unit^2,0,0,0,,,True,True
common_gap_analytic_sampled__all_outputs,POTS33,midrib_arc_length,2,2,0.035867651742921836,0.04531864808617658,0.05779505433780853,4.222657542717498,model_unit,0,0,0,,,True,True
common_gap_analytic_sampled__all_outputs,POTS33,half_arc_section_chord_width,2,2,0.12023354025977945,0.12023354025977945,0.12770139066203043,24.582208154747345,model_unit,0,0,0,,,True,True
common_gap_analytic_sampled__all_outputs,symmetric24,lamina_area,2,2,0.018117324069575447,0.018117324069575447,0.022806451695062235,4.6473288751935975,model_unit^2,0,0,0,,,True,True
common_gap_analytic_sampled__all_outputs,symmetric24,midrib_arc_length,2,2,-0.02440589726624376,0.02440589726624376,0.03232391342758759,2.2728374456662395,model_unit,0,0,0,,,True,True
common_gap_analytic_sampled__all_outputs,symmetric24,half_arc_section_chord_width,2,2,0.09355497563242549,0.09355497563242549,0.09386183150305732,18.770478361190534,model_unit,0,0,0,,,True,True
common_gap_analytic_sampled__both_pass_saved_qc,POTS33,lamina_area,2,2,0.10371379888165871,0.10371379888165871,0.10381710225359717,26.849820394145176,model_unit^2,0,0,0,,,True,True
common_gap_analytic_sampled__both_pass_saved_qc,POTS33,midrib_arc_length,2,2,0.035867651742921836,0.04531864808617658,0.05779505433780853,4.222657542717498,model_unit,0,0,0,,,True,True
common_gap_analytic_sampled__both_pass_saved_qc,POTS33,half_arc_section_chord_width,2,2,0.12023354025977945,0.12023354025977945,0.12770139066203043,24.582208154747345,model_unit,0,0,0,,,True,True
common_gap_analytic_sampled__both_pass_saved_qc,symmetric24,lamina_area,2,2,0.018117324069575447,0.018117324069575447,0.022806451695062235,4.6473288751935975,model_unit^2,0,0,0,,,True,True
common_gap_analytic_sampled__both_pass_saved_qc,symmetric24,midrib_arc_length,2,2,-0.02440589726624376,0.02440589726624376,0.03232391342758759,2.2728374456662395,model_unit,0,0,0,,,True,True
common_gap_analytic_sampled__both_pass_saved_qc,symmetric24,half_arc_section_chord_width,2,2,0.09355497563242549,0.09355497563242549,0.09386183150305732,18.770478361190534,model_unit,0,0,0,,,True,True
