scope,target_id,method,quantity,condition_count,signed_bias,MAE,MSE,ARE_percent,target_weight,case_ids
all_conditions_all_targets__all_outputs,curved,POTS33,lamina_area,2,0.010327322229759073,0.010327322229759073,0.00010718819704530914,3.04432312502153,0.25,curved_common_gap;curved_complementary
all_conditions_all_targets__all_outputs,smooth_twist,POTS33,lamina_area,1,0.10834398698460856,0.10834398698460856,0.01173841951572103,28.351736217589018,0.25,smooth_twist_common_gap
all_conditions_all_targets__all_outputs,smooth_wave,POTS33,lamina_area,1,0.09908361077870886,0.09908361077870886,0.009817561924946672,25.347904570701335,0.25,smooth_wave_common_gap
all_conditions_all_targets__all_outputs,twisted,POTS33,lamina_area,2,0.012371748588213383,0.012371748588213383,0.00015317736622444308,3.6155876679050722,0.25,twisted_common_gap;twisted_complementary
all_conditions_all_targets__all_outputs,curved,POTS33,midrib_arc_length,2,0.00045698388044623783,0.0005202683162082167,4.795133878378344e-07,0.05073752195566477,0.25,curved_common_gap;curved_complementary
all_conditions_all_targets__all_outputs,smooth_twist,POTS33,midrib_arc_length,1,0.08118629982909842,0.08118629982909842,0.0065912152799402655,7.553592834381563,0.25,smooth_twist_common_gap
all_conditions_all_targets__all_outputs,smooth_wave,POTS33,midrib_arc_length,1,-0.009450996343254747,0.009450996343254747,8.93213318802146e-05,0.8917222510534343,0.25,smooth_wave_common_gap
all_conditions_all_targets__all_outputs,twisted,POTS33,midrib_arc_length,2,1.9508944457347077e-05,0.00011762208940646612,1.4215554830182563e-08,0.011511634041576856,0.25,twisted_common_gap;twisted_complementary
all_conditions_all_targets__all_outputs,curved,POTS33,half_arc_section_chord_width,2,0.03672615830066206,0.03672615830066206,0.0013566090817134346,6.80114042604853,0.25,curved_common_gap;curved_complementary
all_conditions_all_targets__all_outputs,smooth_twist,POTS33,half_arc_section_chord_width,1,0.07720400419887696,0.07720400419887696,0.005960458264340212,14.872784592960114,0.25,smooth_twist_common_gap
all_conditions_all_targets__all_outputs,smooth_wave,POTS33,half_arc_section_chord_width,1,0.16326307632068193,0.16326307632068193,0.026654832089692812,34.291631716534575,0.25,smooth_wave_common_gap
all_conditions_all_targets__all_outputs,twisted,POTS33,half_arc_section_chord_width,2,0.026758069494546843,0.026758069494546843,0.0007215686928807501,5.2108205187831675,0.25,twisted_common_gap;twisted_complementary
all_conditions_all_targets__all_outputs,curved,symmetric24,lamina_area,2,0.018754939430372486,0.018754939430372486,0.000351791046393935,5.528644748948933,0.25,curved_common_gap;curved_complementary
all_conditions_all_targets__all_outputs,smooth_twist,symmetric24,lamina_area,1,0.004264641748913167,0.004264641748913167,1.8187169246573157e-05,1.115982541281965,0.25,smooth_twist_common_gap
all_conditions_all_targets__all_outputs,smooth_wave,symmetric24,lamina_area,1,0.031970006390237726,0.031970006390237726,0.001022081308591841,8.17867520910523,0.25,smooth_wave_common_gap
all_conditions_all_targets__all_outputs,twisted,symmetric24,lamina_area,2,0.10230129335916838,0.10230129335916838,0.014452211707906415,29.89709110582265,0.25,twisted_common_gap;twisted_complementary
all_conditions_all_targets__all_outputs,curved,symmetric24,midrib_arc_length,2,-0.0002822952506305043,0.0006289112556048249,4.752199759549766e-07,0.0613325809881608,0.25,curved_common_gap;curved_complementary
all_conditions_all_targets__all_outputs,smooth_twist,symmetric24,midrib_arc_length,1,-0.045599942606945776,0.045599942606945776,0.0020793547657567486,4.242629611758489,0.25,smooth_twist_common_gap
all_conditions_all_targets__all_outputs,smooth_wave,symmetric24,midrib_arc_length,1,-0.003211851925541742,0.003211851925541742,1.0315992791606197e-05,0.30304527957398975,0.25,smooth_wave_common_gap
all_conditions_all_targets__all_outputs,twisted,symmetric24,midrib_arc_length,2,0.021855576327445836,0.021855576327445836,0.0009340805650794324,2.1389978508193015,0.25,twisted_common_gap;twisted_complementary
all_conditions_all_targets__all_outputs,curved,symmetric24,half_arc_section_chord_width,2,0.02857468419289383,0.02857468419289383,0.0008195530016612787,5.2916081838692275,0.25,curved_common_gap;curved_complementary
all_conditions_all_targets__all_outputs,smooth_twist,symmetric24,half_arc_section_chord_width,1,0.10113850696845872,0.10113850696845872,0.010228997591808973,19.483590829313005,0.25,smooth_twist_common_gap
all_conditions_all_targets__all_outputs,smooth_wave,symmetric24,half_arc_section_chord_width,1,0.08597144429639225,0.08597144429639225,0.0073910892344076756,18.057365893068063,0.25,smooth_wave_common_gap
all_conditions_all_targets__all_outputs,twisted,symmetric24,half_arc_section_chord_width,2,0.06437405926741491,0.06437405926741491,0.00422914592285165,12.536093793177812,0.25,twisted_common_gap;twisted_complementary
all_conditions_all_targets__both_pass_saved_qc,curved,POTS33,lamina_area,2,0.010327322229759073,0.010327322229759073,0.00010718819704530914,3.04432312502153,0.25,curved_common_gap;curved_complementary
all_conditions_all_targets__both_pass_saved_qc,smooth_twist,POTS33,lamina_area,1,0.10834398698460856,0.10834398698460856,0.01173841951572103,28.351736217589018,0.25,smooth_twist_common_gap
all_conditions_all_targets__both_pass_saved_qc,smooth_wave,POTS33,lamina_area,1,0.09908361077870886,0.09908361077870886,0.009817561924946672,25.347904570701335,0.25,smooth_wave_common_gap
all_conditions_all_targets__both_pass_saved_qc,twisted,POTS33,lamina_area,1,0.012714097963097082,0.012714097963097082,0.00016164828701522937,3.71563772704738,0.25,twisted_complementary
all_conditions_all_targets__both_pass_saved_qc,curved,POTS33,midrib_arc_length,2,0.00045698388044623783,0.0005202683162082167,4.795133878378344e-07,0.05073752195566477,0.25,curved_common_gap;curved_complementary
all_conditions_all_targets__both_pass_saved_qc,smooth_twist,POTS33,midrib_arc_length,1,0.08118629982909842,0.08118629982909842,0.0065912152799402655,7.553592834381563,0.25,smooth_twist_common_gap
all_conditions_all_targets__both_pass_saved_qc,smooth_wave,POTS33,midrib_arc_length,1,-0.009450996343254747,0.009450996343254747,8.93213318802146e-05,0.8917222510534343,0.25,smooth_wave_common_gap
all_conditions_all_targets__both_pass_saved_qc,twisted,POTS33,midrib_arc_length,1,0.0001371310338638132,0.0001371310338638132,1.8804920448558284e-08,0.013420967826273958,0.25,twisted_complementary
all_conditions_all_targets__both_pass_saved_qc,curved,POTS33,half_arc_section_chord_width,2,0.03672615830066206,0.03672615830066206,0.0013566090817134346,6.80114042604853,0.25,curved_common_gap;curved_complementary
all_conditions_all_targets__both_pass_saved_qc,smooth_twist,POTS33,half_arc_section_chord_width,1,0.07720400419887696,0.07720400419887696,0.005960458264340212,14.872784592960114,0.25,smooth_twist_common_gap
all_conditions_all_targets__both_pass_saved_qc,smooth_wave,POTS33,half_arc_section_chord_width,1,0.16326307632068193,0.16326307632068193,0.026654832089692812,34.291631716534575,0.25,smooth_wave_common_gap
all_conditions_all_targets__both_pass_saved_qc,twisted,POTS33,half_arc_section_chord_width,1,0.02911908830128085,0.02911908830128085,0.0008479213034977912,5.670601268133181,0.25,twisted_complementary
all_conditions_all_targets__both_pass_saved_qc,curved,symmetric24,lamina_area,2,0.018754939430372486,0.018754939430372486,0.000351791046393935,5.528644748948933,0.25,curved_common_gap;curved_complementary
all_conditions_all_targets__both_pass_saved_qc,smooth_twist,symmetric24,lamina_area,1,0.004264641748913167,0.004264641748913167,1.8187169246573157e-05,1.115982541281965,0.25,smooth_twist_common_gap
all_conditions_all_targets__both_pass_saved_qc,smooth_wave,symmetric24,lamina_area,1,0.031970006390237726,0.031970006390237726,0.001022081308591841,8.17867520910523,0.25,smooth_wave_common_gap
all_conditions_all_targets__both_pass_saved_qc,twisted,symmetric24,lamina_area,1,0.03916131327564454,0.03916131327564454,0.0015336084574731732,11.444716996050348,0.25,twisted_complementary
all_conditions_all_targets__both_pass_saved_qc,curved,symmetric24,midrib_arc_length,2,-0.0002822952506305043,0.0006289112556048249,4.752199759549766e-07,0.0613325809881608,0.25,curved_common_gap;curved_complementary
all_conditions_all_targets__both_pass_saved_qc,smooth_twist,symmetric24,midrib_arc_length,1,-0.045599942606945776,0.045599942606945776,0.0020793547657567486,4.242629611758489,0.25,smooth_twist_common_gap
all_conditions_all_targets__both_pass_saved_qc,smooth_wave,symmetric24,midrib_arc_length,1,-0.003211851925541742,0.003211851925541742,1.0315992791606197e-05,0.30304527957398975,0.25,smooth_wave_common_gap
all_conditions_all_targets__both_pass_saved_qc,twisted,symmetric24,midrib_arc_length,1,0.0004917202037348911,0.0004917202037348911,2.417887587610828e-07,0.04812448975196066,0.25,twisted_complementary
all_conditions_all_targets__both_pass_saved_qc,curved,symmetric24,half_arc_section_chord_width,2,0.02857468419289383,0.02857468419289383,0.0008195530016612787,5.2916081838692275,0.25,curved_common_gap;curved_complementary
all_conditions_all_targets__both_pass_saved_qc,smooth_twist,symmetric24,half_arc_section_chord_width,1,0.10113850696845872,0.10113850696845872,0.010228997591808973,19.483590829313005,0.25,smooth_twist_common_gap
all_conditions_all_targets__both_pass_saved_qc,smooth_wave,symmetric24,half_arc_section_chord_width,1,0.08597144429639225,0.08597144429639225,0.0073910892344076756,18.057365893068063,0.25,smooth_wave_common_gap
all_conditions_all_targets__both_pass_saved_qc,twisted,symmetric24,half_arc_section_chord_width,1,0.055147661471579124,0.055147661471579124,0.0030412645657838925,10.739360925031448,0.25,twisted_complementary
all_conditions_core_finite__all_outputs,curved,POTS33,lamina_area,2,0.010327322229759073,0.010327322229759073,0.00010718819704530914,3.04432312502153,0.5,curved_common_gap;curved_complementary
all_conditions_core_finite__all_outputs,twisted,POTS33,lamina_area,2,0.012371748588213383,0.012371748588213383,0.00015317736622444308,3.6155876679050722,0.5,twisted_common_gap;twisted_complementary
all_conditions_core_finite__all_outputs,curved,POTS33,midrib_arc_length,2,0.00045698388044623783,0.0005202683162082167,4.795133878378344e-07,0.05073752195566477,0.5,curved_common_gap;curved_complementary
all_conditions_core_finite__all_outputs,twisted,POTS33,midrib_arc_length,2,1.9508944457347077e-05,0.00011762208940646612,1.4215554830182563e-08,0.011511634041576856,0.5,twisted_common_gap;twisted_complementary
all_conditions_core_finite__all_outputs,curved,POTS33,half_arc_section_chord_width,2,0.03672615830066206,0.03672615830066206,0.0013566090817134346,6.80114042604853,0.5,curved_common_gap;curved_complementary
all_conditions_core_finite__all_outputs,twisted,POTS33,half_arc_section_chord_width,2,0.026758069494546843,0.026758069494546843,0.0007215686928807501,5.2108205187831675,0.5,twisted_common_gap;twisted_complementary
all_conditions_core_finite__all_outputs,curved,symmetric24,lamina_area,2,0.018754939430372486,0.018754939430372486,0.000351791046393935,5.528644748948933,0.5,curved_common_gap;curved_complementary
all_conditions_core_finite__all_outputs,twisted,symmetric24,lamina_area,2,0.10230129335916838,0.10230129335916838,0.014452211707906415,29.89709110582265,0.5,twisted_common_gap;twisted_complementary
all_conditions_core_finite__all_outputs,curved,symmetric24,midrib_arc_length,2,-0.0002822952506305043,0.0006289112556048249,4.752199759549766e-07,0.0613325809881608,0.5,curved_common_gap;curved_complementary
all_conditions_core_finite__all_outputs,twisted,symmetric24,midrib_arc_length,2,0.021855576327445836,0.021855576327445836,0.0009340805650794324,2.1389978508193015,0.5,twisted_common_gap;twisted_complementary
all_conditions_core_finite__all_outputs,curved,symmetric24,half_arc_section_chord_width,2,0.02857468419289383,0.02857468419289383,0.0008195530016612787,5.2916081838692275,0.5,curved_common_gap;curved_complementary
all_conditions_core_finite__all_outputs,twisted,symmetric24,half_arc_section_chord_width,2,0.06437405926741491,0.06437405926741491,0.00422914592285165,12.536093793177812,0.5,twisted_common_gap;twisted_complementary
all_conditions_core_finite__both_pass_saved_qc,curved,POTS33,lamina_area,2,0.010327322229759073,0.010327322229759073,0.00010718819704530914,3.04432312502153,0.5,curved_common_gap;curved_complementary
all_conditions_core_finite__both_pass_saved_qc,twisted,POTS33,lamina_area,1,0.012714097963097082,0.012714097963097082,0.00016164828701522937,3.71563772704738,0.5,twisted_complementary
all_conditions_core_finite__both_pass_saved_qc,curved,POTS33,midrib_arc_length,2,0.00045698388044623783,0.0005202683162082167,4.795133878378344e-07,0.05073752195566477,0.5,curved_common_gap;curved_complementary
all_conditions_core_finite__both_pass_saved_qc,twisted,POTS33,midrib_arc_length,1,0.0001371310338638132,0.0001371310338638132,1.8804920448558284e-08,0.013420967826273958,0.5,twisted_complementary
all_conditions_core_finite__both_pass_saved_qc,curved,POTS33,half_arc_section_chord_width,2,0.03672615830066206,0.03672615830066206,0.0013566090817134346,6.80114042604853,0.5,curved_common_gap;curved_complementary
all_conditions_core_finite__both_pass_saved_qc,twisted,POTS33,half_arc_section_chord_width,1,0.02911908830128085,0.02911908830128085,0.0008479213034977912,5.670601268133181,0.5,twisted_complementary
all_conditions_core_finite__both_pass_saved_qc,curved,symmetric24,lamina_area,2,0.018754939430372486,0.018754939430372486,0.000351791046393935,5.528644748948933,0.5,curved_common_gap;curved_complementary
all_conditions_core_finite__both_pass_saved_qc,twisted,symmetric24,lamina_area,1,0.03916131327564454,0.03916131327564454,0.0015336084574731732,11.444716996050348,0.5,twisted_complementary
all_conditions_core_finite__both_pass_saved_qc,curved,symmetric24,midrib_arc_length,2,-0.0002822952506305043,0.0006289112556048249,4.752199759549766e-07,0.0613325809881608,0.5,curved_common_gap;curved_complementary
all_conditions_core_finite__both_pass_saved_qc,twisted,symmetric24,midrib_arc_length,1,0.0004917202037348911,0.0004917202037348911,2.417887587610828e-07,0.04812448975196066,0.5,twisted_complementary
all_conditions_core_finite__both_pass_saved_qc,curved,symmetric24,half_arc_section_chord_width,2,0.02857468419289383,0.02857468419289383,0.0008195530016612787,5.2916081838692275,0.5,curved_common_gap;curved_complementary
all_conditions_core_finite__both_pass_saved_qc,twisted,symmetric24,half_arc_section_chord_width,1,0.055147661471579124,0.055147661471579124,0.0030412645657838925,10.739360925031448,0.5,twisted_complementary
all_conditions_analytic_sampled__all_outputs,smooth_twist,POTS33,lamina_area,1,0.10834398698460856,0.10834398698460856,0.01173841951572103,28.351736217589018,0.5,smooth_twist_common_gap
all_conditions_analytic_sampled__all_outputs,smooth_wave,POTS33,lamina_area,1,0.09908361077870886,0.09908361077870886,0.009817561924946672,25.347904570701335,0.5,smooth_wave_common_gap
all_conditions_analytic_sampled__all_outputs,smooth_twist,POTS33,midrib_arc_length,1,0.08118629982909842,0.08118629982909842,0.0065912152799402655,7.553592834381563,0.5,smooth_twist_common_gap
all_conditions_analytic_sampled__all_outputs,smooth_wave,POTS33,midrib_arc_length,1,-0.009450996343254747,0.009450996343254747,8.93213318802146e-05,0.8917222510534343,0.5,smooth_wave_common_gap
all_conditions_analytic_sampled__all_outputs,smooth_twist,POTS33,half_arc_section_chord_width,1,0.07720400419887696,0.07720400419887696,0.005960458264340212,14.872784592960114,0.5,smooth_twist_common_gap
all_conditions_analytic_sampled__all_outputs,smooth_wave,POTS33,half_arc_section_chord_width,1,0.16326307632068193,0.16326307632068193,0.026654832089692812,34.291631716534575,0.5,smooth_wave_common_gap
all_conditions_analytic_sampled__all_outputs,smooth_twist,symmetric24,lamina_area,1,0.004264641748913167,0.004264641748913167,1.8187169246573157e-05,1.115982541281965,0.5,smooth_twist_common_gap
all_conditions_analytic_sampled__all_outputs,smooth_wave,symmetric24,lamina_area,1,0.031970006390237726,0.031970006390237726,0.001022081308591841,8.17867520910523,0.5,smooth_wave_common_gap
all_conditions_analytic_sampled__all_outputs,smooth_twist,symmetric24,midrib_arc_length,1,-0.045599942606945776,0.045599942606945776,0.0020793547657567486,4.242629611758489,0.5,smooth_twist_common_gap
all_conditions_analytic_sampled__all_outputs,smooth_wave,symmetric24,midrib_arc_length,1,-0.003211851925541742,0.003211851925541742,1.0315992791606197e-05,0.30304527957398975,0.5,smooth_wave_common_gap
all_conditions_analytic_sampled__all_outputs,smooth_twist,symmetric24,half_arc_section_chord_width,1,0.10113850696845872,0.10113850696845872,0.010228997591808973,19.483590829313005,0.5,smooth_twist_common_gap
all_conditions_analytic_sampled__all_outputs,smooth_wave,symmetric24,half_arc_section_chord_width,1,0.08597144429639225,0.08597144429639225,0.0073910892344076756,18.057365893068063,0.5,smooth_wave_common_gap
all_conditions_analytic_sampled__both_pass_saved_qc,smooth_twist,POTS33,lamina_area,1,0.10834398698460856,0.10834398698460856,0.01173841951572103,28.351736217589018,0.5,smooth_twist_common_gap
all_conditions_analytic_sampled__both_pass_saved_qc,smooth_wave,POTS33,lamina_area,1,0.09908361077870886,0.09908361077870886,0.009817561924946672,25.347904570701335,0.5,smooth_wave_common_gap
all_conditions_analytic_sampled__both_pass_saved_qc,smooth_twist,POTS33,midrib_arc_length,1,0.08118629982909842,0.08118629982909842,0.0065912152799402655,7.553592834381563,0.5,smooth_twist_common_gap
all_conditions_analytic_sampled__both_pass_saved_qc,smooth_wave,POTS33,midrib_arc_length,1,-0.009450996343254747,0.009450996343254747,8.93213318802146e-05,0.8917222510534343,0.5,smooth_wave_common_gap
all_conditions_analytic_sampled__both_pass_saved_qc,smooth_twist,POTS33,half_arc_section_chord_width,1,0.07720400419887696,0.07720400419887696,0.005960458264340212,14.872784592960114,0.5,smooth_twist_common_gap
all_conditions_analytic_sampled__both_pass_saved_qc,smooth_wave,POTS33,half_arc_section_chord_width,1,0.16326307632068193,0.16326307632068193,0.026654832089692812,34.291631716534575,0.5,smooth_wave_common_gap
all_conditions_analytic_sampled__both_pass_saved_qc,smooth_twist,symmetric24,lamina_area,1,0.004264641748913167,0.004264641748913167,1.8187169246573157e-05,1.115982541281965,0.5,smooth_twist_common_gap
all_conditions_analytic_sampled__both_pass_saved_qc,smooth_wave,symmetric24,lamina_area,1,0.031970006390237726,0.031970006390237726,0.001022081308591841,8.17867520910523,0.5,smooth_wave_common_gap
all_conditions_analytic_sampled__both_pass_saved_qc,smooth_twist,symmetric24,midrib_arc_length,1,-0.045599942606945776,0.045599942606945776,0.0020793547657567486,4.242629611758489,0.5,smooth_twist_common_gap
all_conditions_analytic_sampled__both_pass_saved_qc,smooth_wave,symmetric24,midrib_arc_length,1,-0.003211851925541742,0.003211851925541742,1.0315992791606197e-05,0.30304527957398975,0.5,smooth_wave_common_gap
all_conditions_analytic_sampled__both_pass_saved_qc,smooth_twist,symmetric24,half_arc_section_chord_width,1,0.10113850696845872,0.10113850696845872,0.010228997591808973,19.483590829313005,0.5,smooth_twist_common_gap
all_conditions_analytic_sampled__both_pass_saved_qc,smooth_wave,symmetric24,half_arc_section_chord_width,1,0.08597144429639225,0.08597144429639225,0.0073910892344076756,18.057365893068063,0.5,smooth_wave_common_gap
common_gap_all_targets__all_outputs,curved,POTS33,lamina_area,1,0.009596150151494842,0.009596150151494842,9.208609773003449e-05,2.8287857362669064,0.25,curved_common_gap
common_gap_all_targets__all_outputs,smooth_twist,POTS33,lamina_area,1,0.10834398698460856,0.10834398698460856,0.01173841951572103,28.351736217589018,0.25,smooth_twist_common_gap
common_gap_all_targets__all_outputs,smooth_wave,POTS33,lamina_area,1,0.09908361077870886,0.09908361077870886,0.009817561924946672,25.347904570701335,0.25,smooth_wave_common_gap
common_gap_all_targets__all_outputs,twisted,POTS33,lamina_area,1,0.012029399213329683,0.012029399213329683,0.00014470644543365682,3.5155376087627643,0.25,twisted_common_gap
common_gap_all_targets__all_outputs,curved,POTS33,midrib_arc_length,1,-6.328443576197884e-05,6.328443576197884e-05,4.004919809712026e-09,0.006171614432196608,0.25,curved_common_gap
common_gap_all_targets__all_outputs,smooth_twist,POTS33,midrib_arc_length,1,0.08118629982909842,0.08118629982909842,0.0065912152799402655,7.553592834381563,0.25,smooth_twist_common_gap
common_gap_all_targets__all_outputs,smooth_wave,POTS33,midrib_arc_length,1,-0.009450996343254747,0.009450996343254747,8.93213318802146e-05,0.8917222510534343,0.25,smooth_wave_common_gap
common_gap_all_targets__all_outputs,twisted,POTS33,midrib_arc_length,1,-9.811314494911905e-05,9.811314494911905e-05,9.626189211806844e-09,0.009602300256879755,0.25,twisted_common_gap
common_gap_all_targets__all_outputs,curved,POTS33,half_arc_section_chord_width,1,0.03393360065790052,0.03393360065790052,0.0011514892536098665,6.2840001218334285,0.25,curved_common_gap
common_gap_all_targets__all_outputs,smooth_twist,POTS33,half_arc_section_chord_width,1,0.07720400419887696,0.07720400419887696,0.005960458264340212,14.872784592960114,0.25,smooth_twist_common_gap
common_gap_all_targets__all_outputs,smooth_wave,POTS33,half_arc_section_chord_width,1,0.16326307632068193,0.16326307632068193,0.026654832089692812,34.291631716534575,0.25,smooth_wave_common_gap
common_gap_all_targets__all_outputs,twisted,POTS33,half_arc_section_chord_width,1,0.024397050687812838,0.024397050687812838,0.0005952160822637088,4.751039769433152,0.25,twisted_common_gap
common_gap_all_targets__all_outputs,curved,symmetric24,lamina_area,1,0.01896300998810313,0.01896300998810313,0.00035959574780889905,5.58998049469629,0.25,curved_common_gap
common_gap_all_targets__all_outputs,smooth_twist,symmetric24,lamina_area,1,0.004264641748913167,0.004264641748913167,1.8187169246573157e-05,1.115982541281965,0.25,smooth_twist_common_gap
common_gap_all_targets__all_outputs,smooth_wave,symmetric24,lamina_area,1,0.031970006390237726,0.031970006390237726,0.001022081308591841,8.17867520910523,0.25,smooth_wave_common_gap
common_gap_all_targets__all_outputs,twisted,symmetric24,lamina_area,1,0.16544127344269222,0.16544127344269222,0.027370814958339658,48.349465215594954,0.25,twisted_common_gap
common_gap_all_targets__all_outputs,curved,symmetric24,midrib_arc_length,1,-0.0009112065062353292,0.0009112065062353292,8.30297297005595e-07,0.08886253242020785,0.25,curved_common_gap
common_gap_all_targets__all_outputs,smooth_twist,symmetric24,midrib_arc_length,1,-0.045599942606945776,0.045599942606945776,0.0020793547657567486,4.242629611758489,0.25,smooth_twist_common_gap
common_gap_all_targets__all_outputs,smooth_wave,symmetric24,midrib_arc_length,1,-0.003211851925541742,0.003211851925541742,1.0315992791606197e-05,0.30304527957398975,0.25,smooth_wave_common_gap
common_gap_all_targets__all_outputs,twisted,symmetric24,midrib_arc_length,1,0.04321943245115678,0.04321943245115678,0.0018679193414001037,4.229871211886643,0.25,twisted_common_gap
common_gap_all_targets__all_outputs,curved,symmetric24,half_arc_section_chord_width,1,0.030318365625284005,0.030318365625284005,0.0009192032941884028,5.614512152830371,0.25,curved_common_gap
common_gap_all_targets__all_outputs,smooth_twist,symmetric24,half_arc_section_chord_width,1,0.10113850696845872,0.10113850696845872,0.010228997591808973,19.483590829313005,0.25,smooth_twist_common_gap
common_gap_all_targets__all_outputs,smooth_wave,symmetric24,half_arc_section_chord_width,1,0.08597144429639225,0.08597144429639225,0.0073910892344076756,18.057365893068063,0.25,smooth_wave_common_gap
common_gap_all_targets__all_outputs,twisted,symmetric24,half_arc_section_chord_width,1,0.07360045706325069,0.07360045706325069,0.0054170272799194084,14.332826661324177,0.25,twisted_common_gap
common_gap_all_targets__both_pass_saved_qc,curved,POTS33,lamina_area,1,0.009596150151494842,0.009596150151494842,9.208609773003449e-05,2.8287857362669064,0.3333333333333333,curved_common_gap
common_gap_all_targets__both_pass_saved_qc,smooth_twist,POTS33,lamina_area,1,0.10834398698460856,0.10834398698460856,0.01173841951572103,28.351736217589018,0.3333333333333333,smooth_twist_common_gap
common_gap_all_targets__both_pass_saved_qc,smooth_wave,POTS33,lamina_area,1,0.09908361077870886,0.09908361077870886,0.009817561924946672,25.347904570701335,0.3333333333333333,smooth_wave_common_gap
common_gap_all_targets__both_pass_saved_qc,curved,POTS33,midrib_arc_length,1,-6.328443576197884e-05,6.328443576197884e-05,4.004919809712026e-09,0.006171614432196608,0.3333333333333333,curved_common_gap
common_gap_all_targets__both_pass_saved_qc,smooth_twist,POTS33,midrib_arc_length,1,0.08118629982909842,0.08118629982909842,0.0065912152799402655,7.553592834381563,0.3333333333333333,smooth_twist_common_gap
common_gap_all_targets__both_pass_saved_qc,smooth_wave,POTS33,midrib_arc_length,1,-0.009450996343254747,0.009450996343254747,8.93213318802146e-05,0.8917222510534343,0.3333333333333333,smooth_wave_common_gap
common_gap_all_targets__both_pass_saved_qc,curved,POTS33,half_arc_section_chord_width,1,0.03393360065790052,0.03393360065790052,0.0011514892536098665,6.2840001218334285,0.3333333333333333,curved_common_gap
common_gap_all_targets__both_pass_saved_qc,smooth_twist,POTS33,half_arc_section_chord_width,1,0.07720400419887696,0.07720400419887696,0.005960458264340212,14.872784592960114,0.3333333333333333,smooth_twist_common_gap
common_gap_all_targets__both_pass_saved_qc,smooth_wave,POTS33,half_arc_section_chord_width,1,0.16326307632068193,0.16326307632068193,0.026654832089692812,34.291631716534575,0.3333333333333333,smooth_wave_common_gap
common_gap_all_targets__both_pass_saved_qc,curved,symmetric24,lamina_area,1,0.01896300998810313,0.01896300998810313,0.00035959574780889905,5.58998049469629,0.3333333333333333,curved_common_gap
common_gap_all_targets__both_pass_saved_qc,smooth_twist,symmetric24,lamina_area,1,0.004264641748913167,0.004264641748913167,1.8187169246573157e-05,1.115982541281965,0.3333333333333333,smooth_twist_common_gap
common_gap_all_targets__both_pass_saved_qc,smooth_wave,symmetric24,lamina_area,1,0.031970006390237726,0.031970006390237726,0.001022081308591841,8.17867520910523,0.3333333333333333,smooth_wave_common_gap
common_gap_all_targets__both_pass_saved_qc,curved,symmetric24,midrib_arc_length,1,-0.0009112065062353292,0.0009112065062353292,8.30297297005595e-07,0.08886253242020785,0.3333333333333333,curved_common_gap
common_gap_all_targets__both_pass_saved_qc,smooth_twist,symmetric24,midrib_arc_length,1,-0.045599942606945776,0.045599942606945776,0.0020793547657567486,4.242629611758489,0.3333333333333333,smooth_twist_common_gap
common_gap_all_targets__both_pass_saved_qc,smooth_wave,symmetric24,midrib_arc_length,1,-0.003211851925541742,0.003211851925541742,1.0315992791606197e-05,0.30304527957398975,0.3333333333333333,smooth_wave_common_gap
common_gap_all_targets__both_pass_saved_qc,curved,symmetric24,half_arc_section_chord_width,1,0.030318365625284005,0.030318365625284005,0.0009192032941884028,5.614512152830371,0.3333333333333333,curved_common_gap
common_gap_all_targets__both_pass_saved_qc,smooth_twist,symmetric24,half_arc_section_chord_width,1,0.10113850696845872,0.10113850696845872,0.010228997591808973,19.483590829313005,0.3333333333333333,smooth_twist_common_gap
common_gap_all_targets__both_pass_saved_qc,smooth_wave,symmetric24,half_arc_section_chord_width,1,0.08597144429639225,0.08597144429639225,0.0073910892344076756,18.057365893068063,0.3333333333333333,smooth_wave_common_gap
common_gap_core_finite__all_outputs,curved,POTS33,lamina_area,1,0.009596150151494842,0.009596150151494842,9.208609773003449e-05,2.8287857362669064,0.5,curved_common_gap
common_gap_core_finite__all_outputs,twisted,POTS33,lamina_area,1,0.012029399213329683,0.012029399213329683,0.00014470644543365682,3.5155376087627643,0.5,twisted_common_gap
common_gap_core_finite__all_outputs,curved,POTS33,midrib_arc_length,1,-6.328443576197884e-05,6.328443576197884e-05,4.004919809712026e-09,0.006171614432196608,0.5,curved_common_gap
common_gap_core_finite__all_outputs,twisted,POTS33,midrib_arc_length,1,-9.811314494911905e-05,9.811314494911905e-05,9.626189211806844e-09,0.009602300256879755,0.5,twisted_common_gap
common_gap_core_finite__all_outputs,curved,POTS33,half_arc_section_chord_width,1,0.03393360065790052,0.03393360065790052,0.0011514892536098665,6.2840001218334285,0.5,curved_common_gap
common_gap_core_finite__all_outputs,twisted,POTS33,half_arc_section_chord_width,1,0.024397050687812838,0.024397050687812838,0.0005952160822637088,4.751039769433152,0.5,twisted_common_gap
common_gap_core_finite__all_outputs,curved,symmetric24,lamina_area,1,0.01896300998810313,0.01896300998810313,0.00035959574780889905,5.58998049469629,0.5,curved_common_gap
common_gap_core_finite__all_outputs,twisted,symmetric24,lamina_area,1,0.16544127344269222,0.16544127344269222,0.027370814958339658,48.349465215594954,0.5,twisted_common_gap
common_gap_core_finite__all_outputs,curved,symmetric24,midrib_arc_length,1,-0.0009112065062353292,0.0009112065062353292,8.30297297005595e-07,0.08886253242020785,0.5,curved_common_gap
common_gap_core_finite__all_outputs,twisted,symmetric24,midrib_arc_length,1,0.04321943245115678,0.04321943245115678,0.0018679193414001037,4.229871211886643,0.5,twisted_common_gap
common_gap_core_finite__all_outputs,curved,symmetric24,half_arc_section_chord_width,1,0.030318365625284005,0.030318365625284005,0.0009192032941884028,5.614512152830371,0.5,curved_common_gap
common_gap_core_finite__all_outputs,twisted,symmetric24,half_arc_section_chord_width,1,0.07360045706325069,0.07360045706325069,0.0054170272799194084,14.332826661324177,0.5,twisted_common_gap
common_gap_core_finite__both_pass_saved_qc,curved,POTS33,lamina_area,1,0.009596150151494842,0.009596150151494842,9.208609773003449e-05,2.8287857362669064,1.0,curved_common_gap
common_gap_core_finite__both_pass_saved_qc,curved,POTS33,midrib_arc_length,1,-6.328443576197884e-05,6.328443576197884e-05,4.004919809712026e-09,0.006171614432196608,1.0,curved_common_gap
common_gap_core_finite__both_pass_saved_qc,curved,POTS33,half_arc_section_chord_width,1,0.03393360065790052,0.03393360065790052,0.0011514892536098665,6.2840001218334285,1.0,curved_common_gap
common_gap_core_finite__both_pass_saved_qc,curved,symmetric24,lamina_area,1,0.01896300998810313,0.01896300998810313,0.00035959574780889905,5.58998049469629,1.0,curved_common_gap
common_gap_core_finite__both_pass_saved_qc,curved,symmetric24,midrib_arc_length,1,-0.0009112065062353292,0.0009112065062353292,8.30297297005595e-07,0.08886253242020785,1.0,curved_common_gap
common_gap_core_finite__both_pass_saved_qc,curved,symmetric24,half_arc_section_chord_width,1,0.030318365625284005,0.030318365625284005,0.0009192032941884028,5.614512152830371,1.0,curved_common_gap
common_gap_analytic_sampled__all_outputs,smooth_twist,POTS33,lamina_area,1,0.10834398698460856,0.10834398698460856,0.01173841951572103,28.351736217589018,0.5,smooth_twist_common_gap
common_gap_analytic_sampled__all_outputs,smooth_wave,POTS33,lamina_area,1,0.09908361077870886,0.09908361077870886,0.009817561924946672,25.347904570701335,0.5,smooth_wave_common_gap
common_gap_analytic_sampled__all_outputs,smooth_twist,POTS33,midrib_arc_length,1,0.08118629982909842,0.08118629982909842,0.0065912152799402655,7.553592834381563,0.5,smooth_twist_common_gap
common_gap_analytic_sampled__all_outputs,smooth_wave,POTS33,midrib_arc_length,1,-0.009450996343254747,0.009450996343254747,8.93213318802146e-05,0.8917222510534343,0.5,smooth_wave_common_gap
common_gap_analytic_sampled__all_outputs,smooth_twist,POTS33,half_arc_section_chord_width,1,0.07720400419887696,0.07720400419887696,0.005960458264340212,14.872784592960114,0.5,smooth_twist_common_gap
common_gap_analytic_sampled__all_outputs,smooth_wave,POTS33,half_arc_section_chord_width,1,0.16326307632068193,0.16326307632068193,0.026654832089692812,34.291631716534575,0.5,smooth_wave_common_gap
common_gap_analytic_sampled__all_outputs,smooth_twist,symmetric24,lamina_area,1,0.004264641748913167,0.004264641748913167,1.8187169246573157e-05,1.115982541281965,0.5,smooth_twist_common_gap
common_gap_analytic_sampled__all_outputs,smooth_wave,symmetric24,lamina_area,1,0.031970006390237726,0.031970006390237726,0.001022081308591841,8.17867520910523,0.5,smooth_wave_common_gap
common_gap_analytic_sampled__all_outputs,smooth_twist,symmetric24,midrib_arc_length,1,-0.045599942606945776,0.045599942606945776,0.0020793547657567486,4.242629611758489,0.5,smooth_twist_common_gap
common_gap_analytic_sampled__all_outputs,smooth_wave,symmetric24,midrib_arc_length,1,-0.003211851925541742,0.003211851925541742,1.0315992791606197e-05,0.30304527957398975,0.5,smooth_wave_common_gap
common_gap_analytic_sampled__all_outputs,smooth_twist,symmetric24,half_arc_section_chord_width,1,0.10113850696845872,0.10113850696845872,0.010228997591808973,19.483590829313005,0.5,smooth_twist_common_gap
common_gap_analytic_sampled__all_outputs,smooth_wave,symmetric24,half_arc_section_chord_width,1,0.08597144429639225,0.08597144429639225,0.0073910892344076756,18.057365893068063,0.5,smooth_wave_common_gap
common_gap_analytic_sampled__both_pass_saved_qc,smooth_twist,POTS33,lamina_area,1,0.10834398698460856,0.10834398698460856,0.01173841951572103,28.351736217589018,0.5,smooth_twist_common_gap
common_gap_analytic_sampled__both_pass_saved_qc,smooth_wave,POTS33,lamina_area,1,0.09908361077870886,0.09908361077870886,0.009817561924946672,25.347904570701335,0.5,smooth_wave_common_gap
common_gap_analytic_sampled__both_pass_saved_qc,smooth_twist,POTS33,midrib_arc_length,1,0.08118629982909842,0.08118629982909842,0.0065912152799402655,7.553592834381563,0.5,smooth_twist_common_gap
common_gap_analytic_sampled__both_pass_saved_qc,smooth_wave,POTS33,midrib_arc_length,1,-0.009450996343254747,0.009450996343254747,8.93213318802146e-05,0.8917222510534343,0.5,smooth_wave_common_gap
common_gap_analytic_sampled__both_pass_saved_qc,smooth_twist,POTS33,half_arc_section_chord_width,1,0.07720400419887696,0.07720400419887696,0.005960458264340212,14.872784592960114,0.5,smooth_twist_common_gap
common_gap_analytic_sampled__both_pass_saved_qc,smooth_wave,POTS33,half_arc_section_chord_width,1,0.16326307632068193,0.16326307632068193,0.026654832089692812,34.291631716534575,0.5,smooth_wave_common_gap
common_gap_analytic_sampled__both_pass_saved_qc,smooth_twist,symmetric24,lamina_area,1,0.004264641748913167,0.004264641748913167,1.8187169246573157e-05,1.115982541281965,0.5,smooth_twist_common_gap
common_gap_analytic_sampled__both_pass_saved_qc,smooth_wave,symmetric24,lamina_area,1,0.031970006390237726,0.031970006390237726,0.001022081308591841,8.17867520910523,0.5,smooth_wave_common_gap
common_gap_analytic_sampled__both_pass_saved_qc,smooth_twist,symmetric24,midrib_arc_length,1,-0.045599942606945776,0.045599942606945776,0.0020793547657567486,4.242629611758489,0.5,smooth_twist_common_gap
common_gap_analytic_sampled__both_pass_saved_qc,smooth_wave,symmetric24,midrib_arc_length,1,-0.003211851925541742,0.003211851925541742,1.0315992791606197e-05,0.30304527957398975,0.5,smooth_wave_common_gap
common_gap_analytic_sampled__both_pass_saved_qc,smooth_twist,symmetric24,half_arc_section_chord_width,1,0.10113850696845872,0.10113850696845872,0.010228997591808973,19.483590829313005,0.5,smooth_twist_common_gap
common_gap_analytic_sampled__both_pass_saved_qc,smooth_wave,symmetric24,half_arc_section_chord_width,1,0.08597144429639225,0.08597144429639225,0.0073910892344076756,18.057365893068063,0.5,smooth_wave_common_gap
