case_id,data_type,model,view_id,BT_raw_n,BT_raw_RMS_px,min_camera_depth,Q_raw_visible_n,Q_raw_visible_RMS_px,Q_raw_without_BT_n,Q_raw_without_BT_RMS_px,Q_dense_n,Q_dense_RMS_px,W_raw_confirmed_unique_n,W_raw_confirmed_unique_RMS_px,W_dense_n,W_dense_RMS_px
p01,real,initial,00,2,1.5913631221271605,13.257033002601856,5,6.1080083405279035,3,7.7776165215070785,17,6.204358254856955,23,25.206618977604517,110,25.328376521249144
p01,real,initial,02,2,1.5754726273669988,13.488592099351152,5,12.81374471540983,3,16.535729619692738,5,12.81374471540983,22,25.507107302692496,105,25.737287359141327
p01,real,POTS33,00,2,1.3929171461988454,13.059308084740236,5,0.8875869362097577,3,0.13978137012450495,17,0.5213328930568768,23,2.574865219834589,110,2.539657813321008
p01,real,POTS33,02,2,1.8012520323895496,13.283182353349845,5,0.5767275770215683,3,0.061475985768999125,5,0.5767275770215683,22,1.7754347920130877,105,1.762829543579813
p01,real,symmetric24,00,2,1.358222284118536,13.036545687398634,5,0.9081882584366389,3,0.38056712840116574,17,0.663295426375584,23,2.733770763125434,110,2.6281630073609605
p01,real,symmetric24,02,2,1.8415890027450592,13.263567139175876,5,0.7990308313182062,3,0.7906558285276694,5,0.7990308313182062,22,1.8958827990990355,105,1.9768315867015436
p02,real,initial,00,2,1.671070558347776,13.640165976973138,5,3.9311640288483822,3,4.9426274588436305,5,3.9311640288483822,24,21.827832125299373,115,21.9444660497504
p02,real,initial,02,2,1.6476717796382154,13.890995111064052,5,5.677195029220161,3,7.230968453182878,14,6.191423317321897,23,20.352038782448,110,20.458577333651245
p02,real,POTS33,00,2,1.5250819854737268,13.468463820661157,5,0.5703238299853199,3,0.04232082437769283,5,0.5703238299853199,24,2.42287588237555,115,2.3930224038751424
p02,real,POTS33,02,2,1.9623728489512904,13.727321656850243,5,0.7940507153910159,3,0.4817682965685148,14,0.505839160082921,23,1.6846928766202915,110,1.7351640378613156
p02,real,symmetric24,00,2,1.5919550207710125,13.484363845633851,5,1.0156056862035607,3,1.0322051941146306,5,1.0156056862035607,24,2.334569472817486,115,2.3041226823950387
p02,real,symmetric24,02,2,1.8380022926569413,13.740749040689394,5,1.1899083707966434,3,1.0189180506481594,14,1.0466476903407484,23,1.8463718007257994,110,1.8789472206010172
