metric_id,manuscript_section,case,method,view,regime,metric,value,unit,source,path,key,sha256,extraction,definition,limitations
p01_POTS33_IoU,6.2,p01,POTS33,01,,IoU,0.9146916800799245,dimensionless,results/real/projection/p01/POTS33/evaluation_result.json,results/real/projection/p01/POTS33/evaluation_result.json,/rows/1/IoU,8a398ff87bdab4b31d8ad075ad9cf0304ada107b93a582017b4639ddfb13d116,direct_frozen_json_field,Intersection / union of frozen raster masks.,"Held-out image projection consistency only; visible instance labels may include petiole. No independent depth, amodal surface, physical scale, or natural-occlusion recovery validation."
p01_POTS33_mean_bidirectional_boundary_distance_px,6.2,p01,POTS33,01,,mean_bidirectional_boundary_distance_px,5.379687309265137,native_crop_px,results/real/projection/p01/POTS33/evaluation_result.json,results/real/projection/p01/POTS33/evaluation_result.json,/rows/1/mean_bidirectional_boundary_distance_px,8a398ff87bdab4b31d8ad075ad9cf0304ada107b93a582017b4639ddfb13d116,direct_frozen_json_field,Arithmetic mean of prediction-to-reference and reference-to-prediction boundary-pixel Euclidean distance-transform means; frozen native 480x480 crop pixels.,"Held-out image projection consistency only; visible instance labels may include petiole. No independent depth, amodal surface, physical scale, or natural-occlusion recovery validation."
p01_symmetric24_IoU,6.2,p01,symmetric24,01,,IoU,0.9114029255319149,dimensionless,results/real/projection/p01/symmetric24/evaluation_result.json,results/real/projection/p01/symmetric24/evaluation_result.json,/rows/1/IoU,224908cc5ff8a113873cae005fd5a00e35e66bc15a48c1576162da6aa685ae58,direct_frozen_json_field,Intersection / union of frozen raster masks.,"Held-out image projection consistency only; visible instance labels may include petiole. No independent depth, amodal surface, physical scale, or natural-occlusion recovery validation."
p01_symmetric24_mean_bidirectional_boundary_distance_px,6.2,p01,symmetric24,01,,mean_bidirectional_boundary_distance_px,5.473492622375488,native_crop_px,results/real/projection/p01/symmetric24/evaluation_result.json,results/real/projection/p01/symmetric24/evaluation_result.json,/rows/1/mean_bidirectional_boundary_distance_px,224908cc5ff8a113873cae005fd5a00e35e66bc15a48c1576162da6aa685ae58,direct_frozen_json_field,Arithmetic mean of prediction-to-reference and reference-to-prediction boundary-pixel Euclidean distance-transform means; frozen native 480x480 crop pixels.,"Held-out image projection consistency only; visible instance labels may include petiole. No independent depth, amodal surface, physical scale, or natural-occlusion recovery validation."
p02_POTS33_IoU,6.2,p02,POTS33,01,,IoU,0.9063282336578581,dimensionless,results/real/projection/p02/POTS33/evaluation_result.json,results/real/projection/p02/POTS33/evaluation_result.json,/rows/1/IoU,a0addeffbdf129ad3e507da9d58596bb7b63c22762453dbd4a7d796d229f37d9,direct_frozen_json_field,Intersection / union of frozen raster masks.,"Held-out image projection consistency only; visible instance labels may include petiole. No independent depth, amodal surface, physical scale, or natural-occlusion recovery validation."
p02_POTS33_mean_bidirectional_boundary_distance_px,6.2,p02,POTS33,01,,mean_bidirectional_boundary_distance_px,4.285781383514404,native_crop_px,results/real/projection/p02/POTS33/evaluation_result.json,results/real/projection/p02/POTS33/evaluation_result.json,/rows/1/mean_bidirectional_boundary_distance_px,a0addeffbdf129ad3e507da9d58596bb7b63c22762453dbd4a7d796d229f37d9,direct_frozen_json_field,Arithmetic mean of prediction-to-reference and reference-to-prediction boundary-pixel Euclidean distance-transform means; frozen native 480x480 crop pixels.,"Held-out image projection consistency only; visible instance labels may include petiole. No independent depth, amodal surface, physical scale, or natural-occlusion recovery validation."
p02_symmetric24_IoU,6.2,p02,symmetric24,01,,IoU,0.90602627371933,dimensionless,results/real/projection/p02/symmetric24/evaluation_result.json,results/real/projection/p02/symmetric24/evaluation_result.json,/rows/1/IoU,398d5b1779c9c7f7cdb15ce3c0ed56a7c395dd6f6874bfd3bbaac555f676a196,direct_frozen_json_field,Intersection / union of frozen raster masks.,"Held-out image projection consistency only; visible instance labels may include petiole. No independent depth, amodal surface, physical scale, or natural-occlusion recovery validation."
p02_symmetric24_mean_bidirectional_boundary_distance_px,6.2,p02,symmetric24,01,,mean_bidirectional_boundary_distance_px,4.287745952606201,native_crop_px,results/real/projection/p02/symmetric24/evaluation_result.json,results/real/projection/p02/symmetric24/evaluation_result.json,/rows/1/mean_bidirectional_boundary_distance_px,398d5b1779c9c7f7cdb15ce3c0ed56a7c395dd6f6874bfd3bbaac555f676a196,direct_frozen_json_field,Arithmetic mean of prediction-to-reference and reference-to-prediction boundary-pixel Euclidean distance-transform means; frozen native 480x480 crop pixels.,"Held-out image projection consistency only; visible instance labels may include petiole. No independent depth, amodal surface, physical scale, or natural-occlusion recovery validation."
p00_POTS33_IoU,6.2,p00,POTS33,01,,IoU,0.8711433756805808,dimensionless,results/real/projection/p00/POTS33/evaluation_result.json,results/real/projection/p00/POTS33/evaluation_result.json,/rows/1/IoU,1b70a33afa26d9c5fadf7c516a2f2745ded5c223ae90839baf12981745ad1fb8,direct_frozen_json_field,Final all-role B/T/Q/W fit; intersection / union of frozen raster masks.,"Held-out image projection consistency only; visible instance labels may include petiole. No independent depth, amodal surface, physical scale, or natural-occlusion recovery validation."
p00_W_00_visible_segments,6.2,p00,frozen_W_input,00,,visible_segments,18,segment_count,results/real/p00_solver_diagnostics.json,results/real/p00_solver_diagnostics.json,/observation_audit/0/W/0/visible_segments,102b4f2b220a285a427028572fb6ee77c7763d3084cac9adfde341c61cfbaa37,direct_frozen_json_field,"Frozen training observation audit; open stroke, no implicit closing edge.","Counts are input support, not independent accuracy evidence."
p00_W_02_visible_segments,6.2,p00,frozen_W_input,02,,visible_segments,1,segment_count,results/real/p00_solver_diagnostics.json,results/real/p00_solver_diagnostics.json,/observation_audit/1/W/0/visible_segments,102b4f2b220a285a427028572fb6ee77c7763d3084cac9adfde341c61cfbaa37,direct_frozen_json_field,"Frozen training observation audit; open stroke, no implicit closing edge.","Counts are input support, not independent accuracy evidence."
p00_W_02_ignored_segments,6.2,p00,frozen_W_input,02,,ignored_segments,20,segment_count,results/real/p00_solver_diagnostics.json,results/real/p00_solver_diagnostics.json,/observation_audit/1/W/0/ignored_segments,102b4f2b220a285a427028572fb6ee77c7763d3084cac9adfde341c61cfbaa37,direct_frozen_json_field,"Frozen training observation audit; open stroke, no implicit closing edge.","Counts are input support, not independent accuracy evidence."
p00_W_02_visible_drawn_length_percent,6.2,p00,frozen_W_input,02,,visible_drawn_length_percent,4.926282258346763,percent,inputs/real/annotations/p00_review_with_confirmation.json,inputs/real/annotations/p00_review_with_confirmation.json,/views/02/outline/strokes/0/points/*/xy ; /views/02/boundary_segments/*,8f4e2b02a69bc3e9afdb94b073314ec5fa60fae9788d6686e4b7dee32a2ef6d3,derived_from_frozen_raw_annotation,100 * sum(native Euclidean segment length where kind=true_margin) / sum(all explicitly drawn open-stroke native segment lengths). No closing edge.,"Native distorted crop coordinates. This is annotation support, not physical length or accuracy; undistorted-training coordinates give a slightly different ratio."
curved_complementary_BT_Q_W_hidden_symmetric_mean,6.4,curved,POTS33_BT_Q_W,,complementary,hidden_symmetric_surface_distance,0.018731023831350037,synthetic_model_unit,results/synthetic_hidden_region_metrics.json,results/synthetic_hidden_region_metrics.json,/21/symmetric_mean,2ba205fc9dc19f188f6c1d1e2de6d9f18161307b730e8233b852d71480c45bdb,direct_frozen_json_field,One fixed common-gap reference material domain for both input regimes; mean of the two area-weighted sample-to-full-triangle-surface directional distances. Finite frozen triangle surfaces; not pointwise material RMSE.,Historical post-fit descriptive paired re-evaluation. Complementary input has no hidden domain under its own masks. Synthetic units only; no real occlusion accuracy or prospective independent test.
curved_common_gap_BT_Q_W_hidden_symmetric_mean,6.4,curved,POTS33_BT_Q_W,,common_gap,hidden_symmetric_surface_distance,0.02572691843823232,synthetic_model_unit,results/synthetic_hidden_region_metrics.json,results/synthetic_hidden_region_metrics.json,/51/symmetric_mean,2ba205fc9dc19f188f6c1d1e2de6d9f18161307b730e8233b852d71480c45bdb,direct_frozen_json_field,One fixed common-gap reference material domain for both input regimes; mean of the two area-weighted sample-to-full-triangle-surface directional distances. Finite frozen triangle surfaces; not pointwise material RMSE.,Historical post-fit descriptive paired re-evaluation. Complementary input has no hidden domain under its own masks. Synthetic units only; no real occlusion accuracy or prospective independent test.
twisted_complementary_BT_Q_W_hidden_symmetric_mean,6.4,twisted,POTS33_BT_Q_W,,complementary,hidden_symmetric_surface_distance,0.015084813125155867,synthetic_model_unit,results/synthetic_hidden_region_metrics.json,results/synthetic_hidden_region_metrics.json,/81/symmetric_mean,2ba205fc9dc19f188f6c1d1e2de6d9f18161307b730e8233b852d71480c45bdb,direct_frozen_json_field,One fixed common-gap reference material domain for both input regimes; mean of the two area-weighted sample-to-full-triangle-surface directional distances. Finite frozen triangle surfaces; not pointwise material RMSE.,Historical post-fit descriptive paired re-evaluation. Complementary input has no hidden domain under its own masks. Synthetic units only; no real occlusion accuracy or prospective independent test.
twisted_common_gap_BT_Q_W_hidden_symmetric_mean,6.4,twisted,POTS33_BT_Q_W,,common_gap,hidden_symmetric_surface_distance,0.01838837589896209,synthetic_model_unit,results/synthetic_hidden_region_metrics.json,results/synthetic_hidden_region_metrics.json,/111/symmetric_mean,2ba205fc9dc19f188f6c1d1e2de6d9f18161307b730e8233b852d71480c45bdb,direct_frozen_json_field,One fixed common-gap reference material domain for both input regimes; mean of the two area-weighted sample-to-full-triangle-surface directional distances. Finite frozen triangle surfaces; not pointwise material RMSE.,Historical post-fit descriptive paired re-evaluation. Complementary input has no hidden domain under its own masks. Synthetic units only; no real occlusion accuracy or prospective independent test.
