case_id,target,kind,quantity,reference_value,POTS33_value,symmetric24_value,POTS33_signed_percent_error,symmetric24_signed_percent_error,POTS33_absolute_percent_error,symmetric24_absolute_percent_error,outcome
curved_complementary,curved,core_synthetic,lamina_area,0.33923213159858107,0.35029062590660437,0.3577790004712229,3.259860513776154,5.467309003201576,3.259860513776154,5.467309003201576,POTS33_lower_absolute_error
curved_complementary,curved,core_synthetic,midrib_arc_length,1.025411364518029,1.0263886167146834,1.0257579805230033,0.09530342947913294,0.033802629556113746,0.09530342947913294,0.033802629556113746,symmetric24_lower_absolute_error
curved_complementary,curved,core_synthetic,half_arc_section_chord_width,0.54,0.5795187159434236,0.5668310027605037,7.318280730263629,4.968704214908083,7.318280730263629,4.968704214908083,symmetric24_lower_absolute_error
curved_common_gap,curved,core_synthetic,lamina_area,0.33923213159858107,0.3488282817500759,0.3581951415866842,2.8287857362669064,5.58998049469629,2.8287857362669064,5.58998049469629,POTS33_lower_absolute_error
curved_common_gap,curved,core_synthetic,midrib_arc_length,1.025411364518029,1.025348080082267,1.0245001580117936,-0.006171614432196608,-0.08886253242020785,0.006171614432196608,0.08886253242020785,POTS33_lower_absolute_error
curved_common_gap,curved,core_synthetic,half_arc_section_chord_width,0.54,0.5739336006579006,0.570318365625284,6.284000121833429,5.614512152830371,6.284000121833429,5.614512152830371,symmetric24_lower_absolute_error
twisted_complementary,twisted,core_synthetic,lamina_area,0.3421780834699485,0.3548921814330456,0.38133939674559303,3.71563772704738,11.444716996050348,3.71563772704738,11.444716996050348,POTS33_lower_absolute_error
twisted_complementary,twisted,core_synthetic,midrib_arc_length,1.021767100844654,1.0219042318785179,1.022258821048389,0.013420967826273958,0.04812448975196066,0.013420967826273958,0.04812448975196066,POTS33_lower_absolute_error
twisted_complementary,twisted,core_synthetic,half_arc_section_chord_width,0.5135097130690542,0.5426288013703351,0.5686573745406334,5.670601268133181,10.739360925031448,5.670601268133181,10.739360925031448,POTS33_lower_absolute_error
twisted_common_gap,twisted,core_synthetic,lamina_area,0.3421780834699485,0.3542074826832782,0.5076193569126407,3.5155376087627643,48.349465215594954,3.5155376087627643,48.349465215594954,POTS33_lower_absolute_error
twisted_common_gap,twisted,core_synthetic,midrib_arc_length,1.021767100844654,1.021668987699705,1.0649865332958108,-0.009602300256879755,4.229871211886643,0.009602300256879755,4.229871211886643,POTS33_lower_absolute_error
twisted_common_gap,twisted,core_synthetic,half_arc_section_chord_width,0.5135097130690542,0.5379067637568671,0.5871101701323049,4.751039769433152,14.332826661324177,4.751039769433152,14.332826661324177,POTS33_lower_absolute_error
smooth_wave_common_gap,smooth_wave,analytic_synthetic,lamina_area,0.39089468126385396,0.4899782920425628,0.4228646876540917,25.34790457070134,8.17867520910523,25.34790457070134,8.17867520910523,symmetric24_lower_absolute_error
smooth_wave_common_gap,smooth_wave,analytic_synthetic,midrib_arc_length,1.0598587544596798,1.050407758116425,1.056646902534138,-0.8917222510534343,-0.30304527957398975,0.8917222510534343,0.30304527957398975,symmetric24_lower_absolute_error
smooth_wave_common_gap,smooth_wave,analytic_synthetic,half_arc_section_chord_width,0.4761018013673596,0.6393648776880415,0.5620732456637518,34.291631716534575,18.057365893068066,34.291631716534575,18.057365893068066,symmetric24_lower_absolute_error
smooth_twist_common_gap,smooth_twist,analytic_synthetic,lamina_area,0.38214233566900035,0.4904863226536089,0.3864069774179135,28.351736217589014,1.115982541281965,28.351736217589014,1.115982541281965,symmetric24_lower_absolute_error
smooth_twist_common_gap,smooth_twist,analytic_synthetic,midrib_arc_length,1.0748037603981524,1.1559900602272508,1.0292038177912066,7.553592834381562,-4.242629611758489,7.553592834381562,4.242629611758489,symmetric24_lower_absolute_error
smooth_twist_common_gap,smooth_twist,analytic_synthetic,half_arc_section_chord_width,0.5190958271218472,0.5962998313207242,0.6202343340903059,14.872784592960114,19.48359082931301,14.872784592960114,19.48359082931301,POTS33_lower_absolute_error
