plant_id,leaf_id,method,quantity,component,standard_uncertainty,unit,status,correlation_or_covariance,evidence
p00,leaf04,POTS33,lamina_area,scale,,,not_estimable,,No calibrated same-scene joint input distribution/independent reference in admitted evidence; null is not zero.
p00,leaf04,POTS33,lamina_area,camera,,,not_estimable,,No calibrated same-scene joint input distribution/independent reference in admitted evidence; null is not zero.
p00,leaf04,POTS33,lamina_area,annotation,,,not_estimable,,No calibrated same-scene joint input distribution/independent reference in admitted evidence; null is not zero.
p00,leaf04,POTS33,lamina_area,inter_view_motion,,,not_estimable,,No calibrated same-scene joint input distribution/independent reference in admitted evidence; null is not zero.
p00,leaf04,POTS33,lamina_area,model_form,,,not_estimable,,No calibrated same-scene joint input distribution/independent reference in admitted evidence; null is not zero.
p00,leaf04,POTS33,lamina_area,reference,,,not_estimable,,No calibrated same-scene joint input distribution/independent reference in admitted evidence; null is not zero.
p00,leaf04,POTS33,midrib_arc_length,scale,,,not_estimable,,No calibrated same-scene joint input distribution/independent reference in admitted evidence; null is not zero.
p00,leaf04,POTS33,midrib_arc_length,camera,,,not_estimable,,No calibrated same-scene joint input distribution/independent reference in admitted evidence; null is not zero.
p00,leaf04,POTS33,midrib_arc_length,annotation,,,not_estimable,,No calibrated same-scene joint input distribution/independent reference in admitted evidence; null is not zero.
p00,leaf04,POTS33,midrib_arc_length,inter_view_motion,,,not_estimable,,No calibrated same-scene joint input distribution/independent reference in admitted evidence; null is not zero.
p00,leaf04,POTS33,midrib_arc_length,model_form,,,not_estimable,,No calibrated same-scene joint input distribution/independent reference in admitted evidence; null is not zero.
p00,leaf04,POTS33,midrib_arc_length,reference,,,not_estimable,,No calibrated same-scene joint input distribution/independent reference in admitted evidence; null is not zero.
p00,leaf04,POTS33,half_arc_section_chord_width,scale,,,not_estimable,,No calibrated same-scene joint input distribution/independent reference in admitted evidence; null is not zero.
p00,leaf04,POTS33,half_arc_section_chord_width,camera,,,not_estimable,,No calibrated same-scene joint input distribution/independent reference in admitted evidence; null is not zero.
p00,leaf04,POTS33,half_arc_section_chord_width,annotation,,,not_estimable,,No calibrated same-scene joint input distribution/independent reference in admitted evidence; null is not zero.
p00,leaf04,POTS33,half_arc_section_chord_width,inter_view_motion,,,not_estimable,,No calibrated same-scene joint input distribution/independent reference in admitted evidence; null is not zero.
p00,leaf04,POTS33,half_arc_section_chord_width,model_form,,,not_estimable,,No calibrated same-scene joint input distribution/independent reference in admitted evidence; null is not zero.
p00,leaf04,POTS33,half_arc_section_chord_width,reference,,,not_estimable,,No calibrated same-scene joint input distribution/independent reference in admitted evidence; null is not zero.
p00,leaf04,symmetric24,lamina_area,scale,,,not_estimable,,No calibrated same-scene joint input distribution/independent reference in admitted evidence; null is not zero.
p00,leaf04,symmetric24,lamina_area,camera,,,not_estimable,,No calibrated same-scene joint input distribution/independent reference in admitted evidence; null is not zero.
p00,leaf04,symmetric24,lamina_area,annotation,,,not_estimable,,No calibrated same-scene joint input distribution/independent reference in admitted evidence; null is not zero.
p00,leaf04,symmetric24,lamina_area,inter_view_motion,,,not_estimable,,No calibrated same-scene joint input distribution/independent reference in admitted evidence; null is not zero.
p00,leaf04,symmetric24,lamina_area,model_form,,,not_estimable,,No calibrated same-scene joint input distribution/independent reference in admitted evidence; null is not zero.
p00,leaf04,symmetric24,lamina_area,reference,,,not_estimable,,No calibrated same-scene joint input distribution/independent reference in admitted evidence; null is not zero.
p00,leaf04,symmetric24,midrib_arc_length,scale,,,not_estimable,,No calibrated same-scene joint input distribution/independent reference in admitted evidence; null is not zero.
p00,leaf04,symmetric24,midrib_arc_length,camera,,,not_estimable,,No calibrated same-scene joint input distribution/independent reference in admitted evidence; null is not zero.
p00,leaf04,symmetric24,midrib_arc_length,annotation,,,not_estimable,,No calibrated same-scene joint input distribution/independent reference in admitted evidence; null is not zero.
p00,leaf04,symmetric24,midrib_arc_length,inter_view_motion,,,not_estimable,,No calibrated same-scene joint input distribution/independent reference in admitted evidence; null is not zero.
p00,leaf04,symmetric24,midrib_arc_length,model_form,,,not_estimable,,No calibrated same-scene joint input distribution/independent reference in admitted evidence; null is not zero.
p00,leaf04,symmetric24,midrib_arc_length,reference,,,not_estimable,,No calibrated same-scene joint input distribution/independent reference in admitted evidence; null is not zero.
p00,leaf04,symmetric24,half_arc_section_chord_width,scale,,,not_estimable,,No calibrated same-scene joint input distribution/independent reference in admitted evidence; null is not zero.
p00,leaf04,symmetric24,half_arc_section_chord_width,camera,,,not_estimable,,No calibrated same-scene joint input distribution/independent reference in admitted evidence; null is not zero.
p00,leaf04,symmetric24,half_arc_section_chord_width,annotation,,,not_estimable,,No calibrated same-scene joint input distribution/independent reference in admitted evidence; null is not zero.
p00,leaf04,symmetric24,half_arc_section_chord_width,inter_view_motion,,,not_estimable,,No calibrated same-scene joint input distribution/independent reference in admitted evidence; null is not zero.
p00,leaf04,symmetric24,half_arc_section_chord_width,model_form,,,not_estimable,,No calibrated same-scene joint input distribution/independent reference in admitted evidence; null is not zero.
p00,leaf04,symmetric24,half_arc_section_chord_width,reference,,,not_estimable,,No calibrated same-scene joint input distribution/independent reference in admitted evidence; null is not zero.
p01,leaf04,POTS33,lamina_area,scale,,,not_estimable,,No calibrated same-scene joint input distribution/independent reference in admitted evidence; null is not zero.
p01,leaf04,POTS33,lamina_area,camera,,,not_estimable,,No calibrated same-scene joint input distribution/independent reference in admitted evidence; null is not zero.
p01,leaf04,POTS33,lamina_area,annotation,,,not_estimable,,No calibrated same-scene joint input distribution/independent reference in admitted evidence; null is not zero.
p01,leaf04,POTS33,lamina_area,inter_view_motion,,,not_estimable,,No calibrated same-scene joint input distribution/independent reference in admitted evidence; null is not zero.
p01,leaf04,POTS33,lamina_area,model_form,,,not_estimable,,No calibrated same-scene joint input distribution/independent reference in admitted evidence; null is not zero.
p01,leaf04,POTS33,lamina_area,reference,,,not_estimable,,No calibrated same-scene joint input distribution/independent reference in admitted evidence; null is not zero.
p01,leaf04,POTS33,midrib_arc_length,scale,,,not_estimable,,No calibrated same-scene joint input distribution/independent reference in admitted evidence; null is not zero.
p01,leaf04,POTS33,midrib_arc_length,camera,,,not_estimable,,No calibrated same-scene joint input distribution/independent reference in admitted evidence; null is not zero.
p01,leaf04,POTS33,midrib_arc_length,annotation,,,not_estimable,,No calibrated same-scene joint input distribution/independent reference in admitted evidence; null is not zero.
p01,leaf04,POTS33,midrib_arc_length,inter_view_motion,,,not_estimable,,No calibrated same-scene joint input distribution/independent reference in admitted evidence; null is not zero.
p01,leaf04,POTS33,midrib_arc_length,model_form,,,not_estimable,,No calibrated same-scene joint input distribution/independent reference in admitted evidence; null is not zero.
p01,leaf04,POTS33,midrib_arc_length,reference,,,not_estimable,,No calibrated same-scene joint input distribution/independent reference in admitted evidence; null is not zero.
p01,leaf04,POTS33,half_arc_section_chord_width,scale,,,not_estimable,,No calibrated same-scene joint input distribution/independent reference in admitted evidence; null is not zero.
p01,leaf04,POTS33,half_arc_section_chord_width,camera,,,not_estimable,,No calibrated same-scene joint input distribution/independent reference in admitted evidence; null is not zero.
p01,leaf04,POTS33,half_arc_section_chord_width,annotation,,,not_estimable,,No calibrated same-scene joint input distribution/independent reference in admitted evidence; null is not zero.
p01,leaf04,POTS33,half_arc_section_chord_width,inter_view_motion,,,not_estimable,,No calibrated same-scene joint input distribution/independent reference in admitted evidence; null is not zero.
p01,leaf04,POTS33,half_arc_section_chord_width,model_form,,,not_estimable,,No calibrated same-scene joint input distribution/independent reference in admitted evidence; null is not zero.
p01,leaf04,POTS33,half_arc_section_chord_width,reference,,,not_estimable,,No calibrated same-scene joint input distribution/independent reference in admitted evidence; null is not zero.
p01,leaf04,symmetric24,lamina_area,scale,,,not_estimable,,No calibrated same-scene joint input distribution/independent reference in admitted evidence; null is not zero.
p01,leaf04,symmetric24,lamina_area,camera,,,not_estimable,,No calibrated same-scene joint input distribution/independent reference in admitted evidence; null is not zero.
p01,leaf04,symmetric24,lamina_area,annotation,,,not_estimable,,No calibrated same-scene joint input distribution/independent reference in admitted evidence; null is not zero.
p01,leaf04,symmetric24,lamina_area,inter_view_motion,,,not_estimable,,No calibrated same-scene joint input distribution/independent reference in admitted evidence; null is not zero.
p01,leaf04,symmetric24,lamina_area,model_form,,,not_estimable,,No calibrated same-scene joint input distribution/independent reference in admitted evidence; null is not zero.
p01,leaf04,symmetric24,lamina_area,reference,,,not_estimable,,No calibrated same-scene joint input distribution/independent reference in admitted evidence; null is not zero.
p01,leaf04,symmetric24,midrib_arc_length,scale,,,not_estimable,,No calibrated same-scene joint input distribution/independent reference in admitted evidence; null is not zero.
p01,leaf04,symmetric24,midrib_arc_length,camera,,,not_estimable,,No calibrated same-scene joint input distribution/independent reference in admitted evidence; null is not zero.
p01,leaf04,symmetric24,midrib_arc_length,annotation,,,not_estimable,,No calibrated same-scene joint input distribution/independent reference in admitted evidence; null is not zero.
p01,leaf04,symmetric24,midrib_arc_length,inter_view_motion,,,not_estimable,,No calibrated same-scene joint input distribution/independent reference in admitted evidence; null is not zero.
p01,leaf04,symmetric24,midrib_arc_length,model_form,,,not_estimable,,No calibrated same-scene joint input distribution/independent reference in admitted evidence; null is not zero.
p01,leaf04,symmetric24,midrib_arc_length,reference,,,not_estimable,,No calibrated same-scene joint input distribution/independent reference in admitted evidence; null is not zero.
p01,leaf04,symmetric24,half_arc_section_chord_width,scale,,,not_estimable,,No calibrated same-scene joint input distribution/independent reference in admitted evidence; null is not zero.
p01,leaf04,symmetric24,half_arc_section_chord_width,camera,,,not_estimable,,No calibrated same-scene joint input distribution/independent reference in admitted evidence; null is not zero.
p01,leaf04,symmetric24,half_arc_section_chord_width,annotation,,,not_estimable,,No calibrated same-scene joint input distribution/independent reference in admitted evidence; null is not zero.
p01,leaf04,symmetric24,half_arc_section_chord_width,inter_view_motion,,,not_estimable,,No calibrated same-scene joint input distribution/independent reference in admitted evidence; null is not zero.
p01,leaf04,symmetric24,half_arc_section_chord_width,model_form,,,not_estimable,,No calibrated same-scene joint input distribution/independent reference in admitted evidence; null is not zero.
p01,leaf04,symmetric24,half_arc_section_chord_width,reference,,,not_estimable,,No calibrated same-scene joint input distribution/independent reference in admitted evidence; null is not zero.
p02,leaf04,POTS33,lamina_area,scale,,,not_estimable,,No calibrated same-scene joint input distribution/independent reference in admitted evidence; null is not zero.
p02,leaf04,POTS33,lamina_area,camera,,,not_estimable,,No calibrated same-scene joint input distribution/independent reference in admitted evidence; null is not zero.
p02,leaf04,POTS33,lamina_area,annotation,,,not_estimable,,No calibrated same-scene joint input distribution/independent reference in admitted evidence; null is not zero.
p02,leaf04,POTS33,lamina_area,inter_view_motion,,,not_estimable,,No calibrated same-scene joint input distribution/independent reference in admitted evidence; null is not zero.
p02,leaf04,POTS33,lamina_area,model_form,,,not_estimable,,No calibrated same-scene joint input distribution/independent reference in admitted evidence; null is not zero.
p02,leaf04,POTS33,lamina_area,reference,,,not_estimable,,No calibrated same-scene joint input distribution/independent reference in admitted evidence; null is not zero.
p02,leaf04,POTS33,midrib_arc_length,scale,,,not_estimable,,No calibrated same-scene joint input distribution/independent reference in admitted evidence; null is not zero.
p02,leaf04,POTS33,midrib_arc_length,camera,,,not_estimable,,No calibrated same-scene joint input distribution/independent reference in admitted evidence; null is not zero.
p02,leaf04,POTS33,midrib_arc_length,annotation,,,not_estimable,,No calibrated same-scene joint input distribution/independent reference in admitted evidence; null is not zero.
p02,leaf04,POTS33,midrib_arc_length,inter_view_motion,,,not_estimable,,No calibrated same-scene joint input distribution/independent reference in admitted evidence; null is not zero.
p02,leaf04,POTS33,midrib_arc_length,model_form,,,not_estimable,,No calibrated same-scene joint input distribution/independent reference in admitted evidence; null is not zero.
p02,leaf04,POTS33,midrib_arc_length,reference,,,not_estimable,,No calibrated same-scene joint input distribution/independent reference in admitted evidence; null is not zero.
p02,leaf04,POTS33,half_arc_section_chord_width,scale,,,not_estimable,,No calibrated same-scene joint input distribution/independent reference in admitted evidence; null is not zero.
p02,leaf04,POTS33,half_arc_section_chord_width,camera,,,not_estimable,,No calibrated same-scene joint input distribution/independent reference in admitted evidence; null is not zero.
p02,leaf04,POTS33,half_arc_section_chord_width,annotation,,,not_estimable,,No calibrated same-scene joint input distribution/independent reference in admitted evidence; null is not zero.
p02,leaf04,POTS33,half_arc_section_chord_width,inter_view_motion,,,not_estimable,,No calibrated same-scene joint input distribution/independent reference in admitted evidence; null is not zero.
p02,leaf04,POTS33,half_arc_section_chord_width,model_form,,,not_estimable,,No calibrated same-scene joint input distribution/independent reference in admitted evidence; null is not zero.
p02,leaf04,POTS33,half_arc_section_chord_width,reference,,,not_estimable,,No calibrated same-scene joint input distribution/independent reference in admitted evidence; null is not zero.
p02,leaf04,symmetric24,lamina_area,scale,,,not_estimable,,No calibrated same-scene joint input distribution/independent reference in admitted evidence; null is not zero.
p02,leaf04,symmetric24,lamina_area,camera,,,not_estimable,,No calibrated same-scene joint input distribution/independent reference in admitted evidence; null is not zero.
p02,leaf04,symmetric24,lamina_area,annotation,,,not_estimable,,No calibrated same-scene joint input distribution/independent reference in admitted evidence; null is not zero.
p02,leaf04,symmetric24,lamina_area,inter_view_motion,,,not_estimable,,No calibrated same-scene joint input distribution/independent reference in admitted evidence; null is not zero.
p02,leaf04,symmetric24,lamina_area,model_form,,,not_estimable,,No calibrated same-scene joint input distribution/independent reference in admitted evidence; null is not zero.
p02,leaf04,symmetric24,lamina_area,reference,,,not_estimable,,No calibrated same-scene joint input distribution/independent reference in admitted evidence; null is not zero.
p02,leaf04,symmetric24,midrib_arc_length,scale,,,not_estimable,,No calibrated same-scene joint input distribution/independent reference in admitted evidence; null is not zero.
p02,leaf04,symmetric24,midrib_arc_length,camera,,,not_estimable,,No calibrated same-scene joint input distribution/independent reference in admitted evidence; null is not zero.
p02,leaf04,symmetric24,midrib_arc_length,annotation,,,not_estimable,,No calibrated same-scene joint input distribution/independent reference in admitted evidence; null is not zero.
p02,leaf04,symmetric24,midrib_arc_length,inter_view_motion,,,not_estimable,,No calibrated same-scene joint input distribution/independent reference in admitted evidence; null is not zero.
p02,leaf04,symmetric24,midrib_arc_length,model_form,,,not_estimable,,No calibrated same-scene joint input distribution/independent reference in admitted evidence; null is not zero.
p02,leaf04,symmetric24,midrib_arc_length,reference,,,not_estimable,,No calibrated same-scene joint input distribution/independent reference in admitted evidence; null is not zero.
p02,leaf04,symmetric24,half_arc_section_chord_width,scale,,,not_estimable,,No calibrated same-scene joint input distribution/independent reference in admitted evidence; null is not zero.
p02,leaf04,symmetric24,half_arc_section_chord_width,camera,,,not_estimable,,No calibrated same-scene joint input distribution/independent reference in admitted evidence; null is not zero.
p02,leaf04,symmetric24,half_arc_section_chord_width,annotation,,,not_estimable,,No calibrated same-scene joint input distribution/independent reference in admitted evidence; null is not zero.
p02,leaf04,symmetric24,half_arc_section_chord_width,inter_view_motion,,,not_estimable,,No calibrated same-scene joint input distribution/independent reference in admitted evidence; null is not zero.
p02,leaf04,symmetric24,half_arc_section_chord_width,model_form,,,not_estimable,,No calibrated same-scene joint input distribution/independent reference in admitted evidence; null is not zero.
p02,leaf04,symmetric24,half_arc_section_chord_width,reference,,,not_estimable,,No calibrated same-scene joint input distribution/independent reference in admitted evidence; null is not zero.
