case_id,target,kind,data_type,method,level,quantity,status,model_value,reference_value,reference_kind,signed_error,absolute_error,signed_percent_error,absolute_percent_error,model_unit,physical_value,physical_unit,reason,source_path,source_sha256,reference_sha256,independent_real_accuracy_validated
curved_complementary,curved,core_synthetic,synthetic,POTS33,0,lamina_area,computed_model_quantity,0.35029062590660437,0.33923213159858107,finite_12_triangle_target,0.011058494308023303,0.011058494308023303,3.259860513776154,3.259860513776154,model_unit^2,,,,frozen_models/curved_complementary/POTS33/L0.json,0bdabed5020c85c43b47a9953deb24c7a18aa5673336d9f02fde56dc9ee62359,2c9ea77b8792af7437bcef3685438a4c158e9f51d402751870b4d24d5b74c4aa,False
curved_complementary,curved,core_synthetic,synthetic,POTS33,0,midrib_arc_length,computed_model_quantity,1.0263886167146834,1.025411364518029,finite_12_triangle_target,0.0009772521966544545,0.0009772521966544545,0.09530342947913294,0.09530342947913294,model_unit,,,,frozen_models/curved_complementary/POTS33/L0.json,0bdabed5020c85c43b47a9953deb24c7a18aa5673336d9f02fde56dc9ee62359,2c9ea77b8792af7437bcef3685438a4c158e9f51d402751870b4d24d5b74c4aa,False
curved_complementary,curved,core_synthetic,synthetic,POTS33,0,half_arc_section_chord_width,computed_model_quantity,0.5795187159434236,0.54,finite_12_triangle_target,0.0395187159434236,0.0395187159434236,7.318280730263629,7.318280730263629,model_unit,,,,frozen_models/curved_complementary/POTS33/L0.json,0bdabed5020c85c43b47a9953deb24c7a18aa5673336d9f02fde56dc9ee62359,2c9ea77b8792af7437bcef3685438a4c158e9f51d402751870b4d24d5b74c4aa,False
curved_complementary,curved,core_synthetic,synthetic,POTS33,2,lamina_area,computed_model_quantity,0.3502906259066043,0.33923213159858107,finite_12_triangle_target,0.011058494308023248,0.011058494308023248,3.2598605137761374,3.2598605137761374,model_unit^2,,,,frozen_models/curved_complementary/POTS33/L2.json,da181dd1da9fa474749336f9e6381c5eb65c4573416e29fcd16a07bd6a1dcf03,2c9ea77b8792af7437bcef3685438a4c158e9f51d402751870b4d24d5b74c4aa,False
curved_complementary,curved,core_synthetic,synthetic,POTS33,2,midrib_arc_length,computed_model_quantity,1.0263886167146834,1.025411364518029,finite_12_triangle_target,0.0009772521966544545,0.0009772521966544545,0.09530342947913294,0.09530342947913294,model_unit,,,,frozen_models/curved_complementary/POTS33/L2.json,da181dd1da9fa474749336f9e6381c5eb65c4573416e29fcd16a07bd6a1dcf03,2c9ea77b8792af7437bcef3685438a4c158e9f51d402751870b4d24d5b74c4aa,False
curved_complementary,curved,core_synthetic,synthetic,POTS33,2,half_arc_section_chord_width,computed_model_quantity,0.5795187159434236,0.54,finite_12_triangle_target,0.0395187159434236,0.0395187159434236,7.318280730263629,7.318280730263629,model_unit,,,,frozen_models/curved_complementary/POTS33/L2.json,da181dd1da9fa474749336f9e6381c5eb65c4573416e29fcd16a07bd6a1dcf03,2c9ea77b8792af7437bcef3685438a4c158e9f51d402751870b4d24d5b74c4aa,False
curved_complementary,curved,core_synthetic,synthetic,symmetric24,0,lamina_area,computed_model_quantity,0.3577790004712229,0.33923213159858107,finite_12_triangle_target,0.018546868872641842,0.018546868872641842,5.467309003201576,5.467309003201576,model_unit^2,,,,frozen_models/curved_complementary/symmetric24/L0.json,9b61c9e8156b91035f648ba98d2bad1cec8b7c627f5a66551916b871361bfed4,2c9ea77b8792af7437bcef3685438a4c158e9f51d402751870b4d24d5b74c4aa,False
curved_complementary,curved,core_synthetic,synthetic,symmetric24,0,midrib_arc_length,computed_model_quantity,1.0257579805230033,1.025411364518029,finite_12_triangle_target,0.00034661600497432055,0.00034661600497432055,0.033802629556113746,0.033802629556113746,model_unit,,,,frozen_models/curved_complementary/symmetric24/L0.json,9b61c9e8156b91035f648ba98d2bad1cec8b7c627f5a66551916b871361bfed4,2c9ea77b8792af7437bcef3685438a4c158e9f51d402751870b4d24d5b74c4aa,False
curved_complementary,curved,core_synthetic,synthetic,symmetric24,0,half_arc_section_chord_width,computed_model_quantity,0.5668310027605037,0.54,finite_12_triangle_target,0.026831002760503653,0.026831002760503653,4.968704214908083,4.968704214908083,model_unit,,,,frozen_models/curved_complementary/symmetric24/L0.json,9b61c9e8156b91035f648ba98d2bad1cec8b7c627f5a66551916b871361bfed4,2c9ea77b8792af7437bcef3685438a4c158e9f51d402751870b4d24d5b74c4aa,False
curved_complementary,curved,core_synthetic,synthetic,symmetric24,2,lamina_area,computed_model_quantity,0.3577790004712229,0.33923213159858107,finite_12_triangle_target,0.018546868872641842,0.018546868872641842,5.467309003201576,5.467309003201576,model_unit^2,,,,frozen_models/curved_complementary/symmetric24/L2.json,812222124beac6e765943f219cc14462b81615d2ca363bc3c8b042384c1841bf,2c9ea77b8792af7437bcef3685438a4c158e9f51d402751870b4d24d5b74c4aa,False
curved_complementary,curved,core_synthetic,synthetic,symmetric24,2,midrib_arc_length,computed_model_quantity,1.0257579805230033,1.025411364518029,finite_12_triangle_target,0.00034661600497432055,0.00034661600497432055,0.033802629556113746,0.033802629556113746,model_unit,,,,frozen_models/curved_complementary/symmetric24/L2.json,812222124beac6e765943f219cc14462b81615d2ca363bc3c8b042384c1841bf,2c9ea77b8792af7437bcef3685438a4c158e9f51d402751870b4d24d5b74c4aa,False
curved_complementary,curved,core_synthetic,synthetic,symmetric24,2,half_arc_section_chord_width,computed_model_quantity,0.5668310027605037,0.54,finite_12_triangle_target,0.026831002760503653,0.026831002760503653,4.968704214908083,4.968704214908083,model_unit,,,,frozen_models/curved_complementary/symmetric24/L2.json,812222124beac6e765943f219cc14462b81615d2ca363bc3c8b042384c1841bf,2c9ea77b8792af7437bcef3685438a4c158e9f51d402751870b4d24d5b74c4aa,False
curved_common_gap,curved,core_synthetic,synthetic,POTS33,0,lamina_area,computed_model_quantity,0.3488282817500759,0.33923213159858107,finite_12_triangle_target,0.009596150151494842,0.009596150151494842,2.8287857362669064,2.8287857362669064,model_unit^2,,,,frozen_models/curved_common_gap/POTS33/L0.json,68b335957fd327f9dd7b45ada270c6a624fe32aa1f169700e5dd28206685b39b,2c9ea77b8792af7437bcef3685438a4c158e9f51d402751870b4d24d5b74c4aa,False
curved_common_gap,curved,core_synthetic,synthetic,POTS33,0,midrib_arc_length,computed_model_quantity,1.025348080082267,1.025411364518029,finite_12_triangle_target,-6.328443576197884e-05,6.328443576197884e-05,-0.006171614432196608,0.006171614432196608,model_unit,,,,frozen_models/curved_common_gap/POTS33/L0.json,68b335957fd327f9dd7b45ada270c6a624fe32aa1f169700e5dd28206685b39b,2c9ea77b8792af7437bcef3685438a4c158e9f51d402751870b4d24d5b74c4aa,False
curved_common_gap,curved,core_synthetic,synthetic,POTS33,0,half_arc_section_chord_width,computed_model_quantity,0.5739336006579006,0.54,finite_12_triangle_target,0.03393360065790052,0.03393360065790052,6.284000121833429,6.284000121833429,model_unit,,,,frozen_models/curved_common_gap/POTS33/L0.json,68b335957fd327f9dd7b45ada270c6a624fe32aa1f169700e5dd28206685b39b,2c9ea77b8792af7437bcef3685438a4c158e9f51d402751870b4d24d5b74c4aa,False
curved_common_gap,curved,core_synthetic,synthetic,POTS33,2,lamina_area,computed_model_quantity,0.34882828175007596,0.33923213159858107,finite_12_triangle_target,0.009596150151494898,0.009596150151494898,2.828785736266923,2.828785736266923,model_unit^2,,,,frozen_models/curved_common_gap/POTS33/L2.json,643297738a4f137f38d209aee0ee770545b428d49d73c62447b41df6a81df39a,2c9ea77b8792af7437bcef3685438a4c158e9f51d402751870b4d24d5b74c4aa,False
curved_common_gap,curved,core_synthetic,synthetic,POTS33,2,midrib_arc_length,computed_model_quantity,1.025348080082267,1.025411364518029,finite_12_triangle_target,-6.328443576197884e-05,6.328443576197884e-05,-0.006171614432196608,0.006171614432196608,model_unit,,,,frozen_models/curved_common_gap/POTS33/L2.json,643297738a4f137f38d209aee0ee770545b428d49d73c62447b41df6a81df39a,2c9ea77b8792af7437bcef3685438a4c158e9f51d402751870b4d24d5b74c4aa,False
curved_common_gap,curved,core_synthetic,synthetic,POTS33,2,half_arc_section_chord_width,computed_model_quantity,0.5739336006579006,0.54,finite_12_triangle_target,0.03393360065790052,0.03393360065790052,6.284000121833429,6.284000121833429,model_unit,,,,frozen_models/curved_common_gap/POTS33/L2.json,643297738a4f137f38d209aee0ee770545b428d49d73c62447b41df6a81df39a,2c9ea77b8792af7437bcef3685438a4c158e9f51d402751870b4d24d5b74c4aa,False
curved_common_gap,curved,core_synthetic,synthetic,symmetric24,0,lamina_area,computed_model_quantity,0.3581951415866842,0.33923213159858107,finite_12_triangle_target,0.01896300998810313,0.01896300998810313,5.58998049469629,5.58998049469629,model_unit^2,,,,frozen_models/curved_common_gap/symmetric24/L0.json,7f525e41ce213837c5b85d0279f51936dd520a8e68443a181dc3dc9dcb6d9455,2c9ea77b8792af7437bcef3685438a4c158e9f51d402751870b4d24d5b74c4aa,False
curved_common_gap,curved,core_synthetic,synthetic,symmetric24,0,midrib_arc_length,computed_model_quantity,1.0245001580117936,1.025411364518029,finite_12_triangle_target,-0.0009112065062353292,0.0009112065062353292,-0.08886253242020785,0.08886253242020785,model_unit,,,,frozen_models/curved_common_gap/symmetric24/L0.json,7f525e41ce213837c5b85d0279f51936dd520a8e68443a181dc3dc9dcb6d9455,2c9ea77b8792af7437bcef3685438a4c158e9f51d402751870b4d24d5b74c4aa,False
curved_common_gap,curved,core_synthetic,synthetic,symmetric24,0,half_arc_section_chord_width,computed_model_quantity,0.570318365625284,0.54,finite_12_triangle_target,0.030318365625284005,0.030318365625284005,5.614512152830371,5.614512152830371,model_unit,,,,frozen_models/curved_common_gap/symmetric24/L0.json,7f525e41ce213837c5b85d0279f51936dd520a8e68443a181dc3dc9dcb6d9455,2c9ea77b8792af7437bcef3685438a4c158e9f51d402751870b4d24d5b74c4aa,False
curved_common_gap,curved,core_synthetic,synthetic,symmetric24,2,lamina_area,computed_model_quantity,0.3581951415866842,0.33923213159858107,finite_12_triangle_target,0.01896300998810313,0.01896300998810313,5.58998049469629,5.58998049469629,model_unit^2,,,,frozen_models/curved_common_gap/symmetric24/L2.json,fb88ebf0b4c4f6a1d94dfaa20a6f5139ea28285dc065b0f8929da21ab7688c6c,2c9ea77b8792af7437bcef3685438a4c158e9f51d402751870b4d24d5b74c4aa,False
curved_common_gap,curved,core_synthetic,synthetic,symmetric24,2,midrib_arc_length,computed_model_quantity,1.0245001580117936,1.025411364518029,finite_12_triangle_target,-0.0009112065062353292,0.0009112065062353292,-0.08886253242020785,0.08886253242020785,model_unit,,,,frozen_models/curved_common_gap/symmetric24/L2.json,fb88ebf0b4c4f6a1d94dfaa20a6f5139ea28285dc065b0f8929da21ab7688c6c,2c9ea77b8792af7437bcef3685438a4c158e9f51d402751870b4d24d5b74c4aa,False
curved_common_gap,curved,core_synthetic,synthetic,symmetric24,2,half_arc_section_chord_width,computed_model_quantity,0.570318365625284,0.54,finite_12_triangle_target,0.030318365625284005,0.030318365625284005,5.614512152830371,5.614512152830371,model_unit,,,,frozen_models/curved_common_gap/symmetric24/L2.json,fb88ebf0b4c4f6a1d94dfaa20a6f5139ea28285dc065b0f8929da21ab7688c6c,2c9ea77b8792af7437bcef3685438a4c158e9f51d402751870b4d24d5b74c4aa,False
twisted_complementary,twisted,core_synthetic,synthetic,POTS33,0,lamina_area,computed_model_quantity,0.3548921814330456,0.3421780834699485,finite_12_triangle_target,0.012714097963097082,0.012714097963097082,3.71563772704738,3.71563772704738,model_unit^2,,,,frozen_models/twisted_complementary/POTS33/L0.json,3cba2763e0c5b0a05a11aaccf8e5fc2e1c0dfef12a6d8f114edfb41dc1d635b2,b8f93c74c61fbc27e37f15e2b9f8c3a5fcd5ee736dce2b2c68980ce5ef45f15d,False
twisted_complementary,twisted,core_synthetic,synthetic,POTS33,0,midrib_arc_length,computed_model_quantity,1.0219042318785179,1.021767100844654,finite_12_triangle_target,0.0001371310338638132,0.0001371310338638132,0.013420967826273958,0.013420967826273958,model_unit,,,,frozen_models/twisted_complementary/POTS33/L0.json,3cba2763e0c5b0a05a11aaccf8e5fc2e1c0dfef12a6d8f114edfb41dc1d635b2,b8f93c74c61fbc27e37f15e2b9f8c3a5fcd5ee736dce2b2c68980ce5ef45f15d,False
twisted_complementary,twisted,core_synthetic,synthetic,POTS33,0,half_arc_section_chord_width,computed_model_quantity,0.5426288013703351,0.5135097130690542,finite_12_triangle_target,0.02911908830128085,0.02911908830128085,5.670601268133181,5.670601268133181,model_unit,,,,frozen_models/twisted_complementary/POTS33/L0.json,3cba2763e0c5b0a05a11aaccf8e5fc2e1c0dfef12a6d8f114edfb41dc1d635b2,b8f93c74c61fbc27e37f15e2b9f8c3a5fcd5ee736dce2b2c68980ce5ef45f15d,False
twisted_complementary,twisted,core_synthetic,synthetic,POTS33,2,lamina_area,computed_model_quantity,0.3548921814330456,0.3421780834699485,finite_12_triangle_target,0.012714097963097082,0.012714097963097082,3.71563772704738,3.71563772704738,model_unit^2,,,,frozen_models/twisted_complementary/POTS33/L2.json,34c1730f190b332c9cdc7a5a2b00d6725a43ab46f526184203d055d9338bf56c,b8f93c74c61fbc27e37f15e2b9f8c3a5fcd5ee736dce2b2c68980ce5ef45f15d,False
twisted_complementary,twisted,core_synthetic,synthetic,POTS33,2,midrib_arc_length,computed_model_quantity,1.0219042318785179,1.021767100844654,finite_12_triangle_target,0.0001371310338638132,0.0001371310338638132,0.013420967826273958,0.013420967826273958,model_unit,,,,frozen_models/twisted_complementary/POTS33/L2.json,34c1730f190b332c9cdc7a5a2b00d6725a43ab46f526184203d055d9338bf56c,b8f93c74c61fbc27e37f15e2b9f8c3a5fcd5ee736dce2b2c68980ce5ef45f15d,False
twisted_complementary,twisted,core_synthetic,synthetic,POTS33,2,half_arc_section_chord_width,computed_model_quantity,0.5426288013703351,0.5135097130690542,finite_12_triangle_target,0.02911908830128085,0.02911908830128085,5.670601268133181,5.670601268133181,model_unit,,,,frozen_models/twisted_complementary/POTS33/L2.json,34c1730f190b332c9cdc7a5a2b00d6725a43ab46f526184203d055d9338bf56c,b8f93c74c61fbc27e37f15e2b9f8c3a5fcd5ee736dce2b2c68980ce5ef45f15d,False
twisted_complementary,twisted,core_synthetic,synthetic,symmetric24,0,lamina_area,computed_model_quantity,0.38133939674559303,0.3421780834699485,finite_12_triangle_target,0.03916131327564454,0.03916131327564454,11.444716996050348,11.444716996050348,model_unit^2,,,,frozen_models/twisted_complementary/symmetric24/L0.json,49b30d90b7246699a5d9a1d486d16a630bb6d24c1e2a6971db67211813ac69af,b8f93c74c61fbc27e37f15e2b9f8c3a5fcd5ee736dce2b2c68980ce5ef45f15d,False
twisted_complementary,twisted,core_synthetic,synthetic,symmetric24,0,midrib_arc_length,computed_model_quantity,1.022258821048389,1.021767100844654,finite_12_triangle_target,0.0004917202037348911,0.0004917202037348911,0.04812448975196066,0.04812448975196066,model_unit,,,,frozen_models/twisted_complementary/symmetric24/L0.json,49b30d90b7246699a5d9a1d486d16a630bb6d24c1e2a6971db67211813ac69af,b8f93c74c61fbc27e37f15e2b9f8c3a5fcd5ee736dce2b2c68980ce5ef45f15d,False
twisted_complementary,twisted,core_synthetic,synthetic,symmetric24,0,half_arc_section_chord_width,computed_model_quantity,0.5686573745406334,0.5135097130690542,finite_12_triangle_target,0.055147661471579124,0.055147661471579124,10.739360925031448,10.739360925031448,model_unit,,,,frozen_models/twisted_complementary/symmetric24/L0.json,49b30d90b7246699a5d9a1d486d16a630bb6d24c1e2a6971db67211813ac69af,b8f93c74c61fbc27e37f15e2b9f8c3a5fcd5ee736dce2b2c68980ce5ef45f15d,False
twisted_complementary,twisted,core_synthetic,synthetic,symmetric24,2,lamina_area,computed_model_quantity,0.3813393967455929,0.3421780834699485,finite_12_triangle_target,0.03916131327564443,0.03916131327564443,11.444716996050314,11.444716996050314,model_unit^2,,,,frozen_models/twisted_complementary/symmetric24/L2.json,b7cb52f1c20c6a46b5b1f697be05d128968e9daea185d668de12977305a222ae,b8f93c74c61fbc27e37f15e2b9f8c3a5fcd5ee736dce2b2c68980ce5ef45f15d,False
twisted_complementary,twisted,core_synthetic,synthetic,symmetric24,2,midrib_arc_length,computed_model_quantity,1.022258821048389,1.021767100844654,finite_12_triangle_target,0.0004917202037348911,0.0004917202037348911,0.04812448975196066,0.04812448975196066,model_unit,,,,frozen_models/twisted_complementary/symmetric24/L2.json,b7cb52f1c20c6a46b5b1f697be05d128968e9daea185d668de12977305a222ae,b8f93c74c61fbc27e37f15e2b9f8c3a5fcd5ee736dce2b2c68980ce5ef45f15d,False
twisted_complementary,twisted,core_synthetic,synthetic,symmetric24,2,half_arc_section_chord_width,computed_model_quantity,0.5686573745406334,0.5135097130690542,finite_12_triangle_target,0.055147661471579124,0.055147661471579124,10.739360925031448,10.739360925031448,model_unit,,,,frozen_models/twisted_complementary/symmetric24/L2.json,b7cb52f1c20c6a46b5b1f697be05d128968e9daea185d668de12977305a222ae,b8f93c74c61fbc27e37f15e2b9f8c3a5fcd5ee736dce2b2c68980ce5ef45f15d,False
twisted_common_gap,twisted,core_synthetic,synthetic,POTS33,0,lamina_area,computed_model_quantity,0.3542074826832782,0.3421780834699485,finite_12_triangle_target,0.012029399213329683,0.012029399213329683,3.5155376087627643,3.5155376087627643,model_unit^2,,,,frozen_models/twisted_common_gap/POTS33/L0.json,fb3b6d2a1bd56a9adedbe905c7f307dccb61eac48c1c7209fcf4065eb637b24a,b8f93c74c61fbc27e37f15e2b9f8c3a5fcd5ee736dce2b2c68980ce5ef45f15d,False
twisted_common_gap,twisted,core_synthetic,synthetic,POTS33,0,midrib_arc_length,computed_model_quantity,1.021668987699705,1.021767100844654,finite_12_triangle_target,-9.811314494911905e-05,9.811314494911905e-05,-0.009602300256879755,0.009602300256879755,model_unit,,,,frozen_models/twisted_common_gap/POTS33/L0.json,fb3b6d2a1bd56a9adedbe905c7f307dccb61eac48c1c7209fcf4065eb637b24a,b8f93c74c61fbc27e37f15e2b9f8c3a5fcd5ee736dce2b2c68980ce5ef45f15d,False
twisted_common_gap,twisted,core_synthetic,synthetic,POTS33,0,half_arc_section_chord_width,computed_model_quantity,0.5379067637568671,0.5135097130690542,finite_12_triangle_target,0.024397050687812838,0.024397050687812838,4.751039769433152,4.751039769433152,model_unit,,,,frozen_models/twisted_common_gap/POTS33/L0.json,fb3b6d2a1bd56a9adedbe905c7f307dccb61eac48c1c7209fcf4065eb637b24a,b8f93c74c61fbc27e37f15e2b9f8c3a5fcd5ee736dce2b2c68980ce5ef45f15d,False
twisted_common_gap,twisted,core_synthetic,synthetic,POTS33,2,lamina_area,computed_model_quantity,0.3542074826832782,0.3421780834699485,finite_12_triangle_target,0.012029399213329683,0.012029399213329683,3.5155376087627643,3.5155376087627643,model_unit^2,,,,frozen_models/twisted_common_gap/POTS33/L2.json,ccb777f87c7f6722efd05db11d2aaca59298df1249351d3d18821e97d2a7a8ef,b8f93c74c61fbc27e37f15e2b9f8c3a5fcd5ee736dce2b2c68980ce5ef45f15d,False
twisted_common_gap,twisted,core_synthetic,synthetic,POTS33,2,midrib_arc_length,computed_model_quantity,1.021668987699705,1.021767100844654,finite_12_triangle_target,-9.811314494911905e-05,9.811314494911905e-05,-0.009602300256879755,0.009602300256879755,model_unit,,,,frozen_models/twisted_common_gap/POTS33/L2.json,ccb777f87c7f6722efd05db11d2aaca59298df1249351d3d18821e97d2a7a8ef,b8f93c74c61fbc27e37f15e2b9f8c3a5fcd5ee736dce2b2c68980ce5ef45f15d,False
twisted_common_gap,twisted,core_synthetic,synthetic,POTS33,2,half_arc_section_chord_width,computed_model_quantity,0.537906763756867,0.5135097130690542,finite_12_triangle_target,0.024397050687812727,0.024397050687812727,4.751039769433131,4.751039769433131,model_unit,,,,frozen_models/twisted_common_gap/POTS33/L2.json,ccb777f87c7f6722efd05db11d2aaca59298df1249351d3d18821e97d2a7a8ef,b8f93c74c61fbc27e37f15e2b9f8c3a5fcd5ee736dce2b2c68980ce5ef45f15d,False
twisted_common_gap,twisted,core_synthetic,synthetic,symmetric24,0,lamina_area,computed_model_quantity,0.5076193569126407,0.3421780834699485,finite_12_triangle_target,0.16544127344269222,0.16544127344269222,48.349465215594954,48.349465215594954,model_unit^2,,,,frozen_models/twisted_common_gap/symmetric24/L0.json,b0a65f12ccbf969cb432d8d178d59a816c2142c4dd6dcf0a8ecd5e6f229ac721,b8f93c74c61fbc27e37f15e2b9f8c3a5fcd5ee736dce2b2c68980ce5ef45f15d,False
twisted_common_gap,twisted,core_synthetic,synthetic,symmetric24,0,midrib_arc_length,computed_model_quantity,1.0649865332958108,1.021767100844654,finite_12_triangle_target,0.04321943245115678,0.04321943245115678,4.229871211886643,4.229871211886643,model_unit,,,,frozen_models/twisted_common_gap/symmetric24/L0.json,b0a65f12ccbf969cb432d8d178d59a816c2142c4dd6dcf0a8ecd5e6f229ac721,b8f93c74c61fbc27e37f15e2b9f8c3a5fcd5ee736dce2b2c68980ce5ef45f15d,False
twisted_common_gap,twisted,core_synthetic,synthetic,symmetric24,0,half_arc_section_chord_width,computed_model_quantity,0.5871101701323049,0.5135097130690542,finite_12_triangle_target,0.07360045706325069,0.07360045706325069,14.332826661324177,14.332826661324177,model_unit,,,,frozen_models/twisted_common_gap/symmetric24/L0.json,b0a65f12ccbf969cb432d8d178d59a816c2142c4dd6dcf0a8ecd5e6f229ac721,b8f93c74c61fbc27e37f15e2b9f8c3a5fcd5ee736dce2b2c68980ce5ef45f15d,False
twisted_common_gap,twisted,core_synthetic,synthetic,symmetric24,2,lamina_area,computed_model_quantity,0.5076193569126406,0.3421780834699485,finite_12_triangle_target,0.1654412734426921,0.1654412734426921,48.34946521559492,48.34946521559492,model_unit^2,,,,frozen_models/twisted_common_gap/symmetric24/L2.json,127ef88255c77a8359fe3b8248c013fbe11495a2e255a8be5d76ab58539f4bfe,b8f93c74c61fbc27e37f15e2b9f8c3a5fcd5ee736dce2b2c68980ce5ef45f15d,False
twisted_common_gap,twisted,core_synthetic,synthetic,symmetric24,2,midrib_arc_length,computed_model_quantity,1.0649865332958108,1.021767100844654,finite_12_triangle_target,0.04321943245115678,0.04321943245115678,4.229871211886643,4.229871211886643,model_unit,,,,frozen_models/twisted_common_gap/symmetric24/L2.json,127ef88255c77a8359fe3b8248c013fbe11495a2e255a8be5d76ab58539f4bfe,b8f93c74c61fbc27e37f15e2b9f8c3a5fcd5ee736dce2b2c68980ce5ef45f15d,False
twisted_common_gap,twisted,core_synthetic,synthetic,symmetric24,2,half_arc_section_chord_width,computed_model_quantity,0.5871101701323049,0.5135097130690542,finite_12_triangle_target,0.07360045706325069,0.07360045706325069,14.332826661324177,14.332826661324177,model_unit,,,,frozen_models/twisted_common_gap/symmetric24/L2.json,127ef88255c77a8359fe3b8248c013fbe11495a2e255a8be5d76ab58539f4bfe,b8f93c74c61fbc27e37f15e2b9f8c3a5fcd5ee736dce2b2c68980ce5ef45f15d,False
smooth_wave_common_gap,smooth_wave,analytic_synthetic,synthetic,POTS33,0,lamina_area,computed_model_quantity,0.4899782920425628,0.39089468126385396,frozen_L4_analytic_sampled_triangulation,0.09908361077870886,0.09908361077870886,25.34790457070134,25.34790457070134,model_unit^2,,,,frozen_models/smooth_wave_common_gap/POTS33/L0.json,7290a9394813786d3c0c7545f90320d04a8bca367a8f08072ddff2e97119a556,851271b90dce388bb8eb9af457a5f4329661eb8d29020e3dd12342679aee89ef,False
smooth_wave_common_gap,smooth_wave,analytic_synthetic,synthetic,POTS33,0,midrib_arc_length,computed_model_quantity,1.050407758116425,1.0598587544596798,frozen_L4_analytic_sampled_triangulation,-0.009450996343254747,0.009450996343254747,-0.8917222510534343,0.8917222510534343,model_unit,,,,frozen_models/smooth_wave_common_gap/POTS33/L0.json,7290a9394813786d3c0c7545f90320d04a8bca367a8f08072ddff2e97119a556,851271b90dce388bb8eb9af457a5f4329661eb8d29020e3dd12342679aee89ef,False
smooth_wave_common_gap,smooth_wave,analytic_synthetic,synthetic,POTS33,0,half_arc_section_chord_width,computed_model_quantity,0.6393648776880415,0.4761018013673596,frozen_L4_analytic_sampled_triangulation,0.16326307632068193,0.16326307632068193,34.291631716534575,34.291631716534575,model_unit,,,,frozen_models/smooth_wave_common_gap/POTS33/L0.json,7290a9394813786d3c0c7545f90320d04a8bca367a8f08072ddff2e97119a556,851271b90dce388bb8eb9af457a5f4329661eb8d29020e3dd12342679aee89ef,False
smooth_wave_common_gap,smooth_wave,analytic_synthetic,synthetic,POTS33,2,lamina_area,computed_model_quantity,0.48997829204256277,0.39089468126385396,frozen_L4_analytic_sampled_triangulation,0.09908361077870881,0.09908361077870881,25.347904570701324,25.347904570701324,model_unit^2,,,,frozen_models/smooth_wave_common_gap/POTS33/L2.json,c2099a47dbeb4c0f49eb9bd4bcfab328eb2cbdaa5bd0188c64c748233b1c48be,851271b90dce388bb8eb9af457a5f4329661eb8d29020e3dd12342679aee89ef,False
smooth_wave_common_gap,smooth_wave,analytic_synthetic,synthetic,POTS33,2,midrib_arc_length,computed_model_quantity,1.050407758116425,1.0598587544596798,frozen_L4_analytic_sampled_triangulation,-0.009450996343254747,0.009450996343254747,-0.8917222510534343,0.8917222510534343,model_unit,,,,frozen_models/smooth_wave_common_gap/POTS33/L2.json,c2099a47dbeb4c0f49eb9bd4bcfab328eb2cbdaa5bd0188c64c748233b1c48be,851271b90dce388bb8eb9af457a5f4329661eb8d29020e3dd12342679aee89ef,False
smooth_wave_common_gap,smooth_wave,analytic_synthetic,synthetic,POTS33,2,half_arc_section_chord_width,computed_model_quantity,0.6393648776880415,0.4761018013673596,frozen_L4_analytic_sampled_triangulation,0.16326307632068193,0.16326307632068193,34.291631716534575,34.291631716534575,model_unit,,,,frozen_models/smooth_wave_common_gap/POTS33/L2.json,c2099a47dbeb4c0f49eb9bd4bcfab328eb2cbdaa5bd0188c64c748233b1c48be,851271b90dce388bb8eb9af457a5f4329661eb8d29020e3dd12342679aee89ef,False
smooth_wave_common_gap,smooth_wave,analytic_synthetic,synthetic,symmetric24,0,lamina_area,computed_model_quantity,0.4228646876540917,0.39089468126385396,frozen_L4_analytic_sampled_triangulation,0.031970006390237726,0.031970006390237726,8.17867520910523,8.17867520910523,model_unit^2,,,,frozen_models/smooth_wave_common_gap/symmetric24/L0.json,24a26d733b988f456c14832fa6abee0e144e29e9024cf4f61a539a12c6fc3720,851271b90dce388bb8eb9af457a5f4329661eb8d29020e3dd12342679aee89ef,False
smooth_wave_common_gap,smooth_wave,analytic_synthetic,synthetic,symmetric24,0,midrib_arc_length,computed_model_quantity,1.056646902534138,1.0598587544596798,frozen_L4_analytic_sampled_triangulation,-0.003211851925541742,0.003211851925541742,-0.30304527957398975,0.30304527957398975,model_unit,,,,frozen_models/smooth_wave_common_gap/symmetric24/L0.json,24a26d733b988f456c14832fa6abee0e144e29e9024cf4f61a539a12c6fc3720,851271b90dce388bb8eb9af457a5f4329661eb8d29020e3dd12342679aee89ef,False
smooth_wave_common_gap,smooth_wave,analytic_synthetic,synthetic,symmetric24,0,half_arc_section_chord_width,computed_model_quantity,0.5620732456637518,0.4761018013673596,frozen_L4_analytic_sampled_triangulation,0.08597144429639225,0.08597144429639225,18.057365893068066,18.057365893068066,model_unit,,,,frozen_models/smooth_wave_common_gap/symmetric24/L0.json,24a26d733b988f456c14832fa6abee0e144e29e9024cf4f61a539a12c6fc3720,851271b90dce388bb8eb9af457a5f4329661eb8d29020e3dd12342679aee89ef,False
smooth_wave_common_gap,smooth_wave,analytic_synthetic,synthetic,symmetric24,2,lamina_area,computed_model_quantity,0.4228646876540917,0.39089468126385396,frozen_L4_analytic_sampled_triangulation,0.031970006390237726,0.031970006390237726,8.17867520910523,8.17867520910523,model_unit^2,,,,frozen_models/smooth_wave_common_gap/symmetric24/L2.json,8146c36ceed9a992de41e18884356cf1c812c384806e590cc440b78573586e10,851271b90dce388bb8eb9af457a5f4329661eb8d29020e3dd12342679aee89ef,False
smooth_wave_common_gap,smooth_wave,analytic_synthetic,synthetic,symmetric24,2,midrib_arc_length,computed_model_quantity,1.056646902534138,1.0598587544596798,frozen_L4_analytic_sampled_triangulation,-0.003211851925541742,0.003211851925541742,-0.30304527957398975,0.30304527957398975,model_unit,,,,frozen_models/smooth_wave_common_gap/symmetric24/L2.json,8146c36ceed9a992de41e18884356cf1c812c384806e590cc440b78573586e10,851271b90dce388bb8eb9af457a5f4329661eb8d29020e3dd12342679aee89ef,False
smooth_wave_common_gap,smooth_wave,analytic_synthetic,synthetic,symmetric24,2,half_arc_section_chord_width,computed_model_quantity,0.5620732456637518,0.4761018013673596,frozen_L4_analytic_sampled_triangulation,0.08597144429639225,0.08597144429639225,18.057365893068066,18.057365893068066,model_unit,,,,frozen_models/smooth_wave_common_gap/symmetric24/L2.json,8146c36ceed9a992de41e18884356cf1c812c384806e590cc440b78573586e10,851271b90dce388bb8eb9af457a5f4329661eb8d29020e3dd12342679aee89ef,False
smooth_twist_common_gap,smooth_twist,analytic_synthetic,synthetic,POTS33,0,lamina_area,computed_model_quantity,0.4904863226536089,0.38214233566900035,frozen_L4_analytic_sampled_triangulation,0.10834398698460856,0.10834398698460856,28.351736217589014,28.351736217589014,model_unit^2,,,,frozen_models/smooth_twist_common_gap/POTS33/L0.json,12fee727b37722af9b2f0b44f90b72ea4c5a14fc284387b4dbf5083de0742256,6ec7f15a219071f4df3f0397e7459ee12899a479bd004cd8eb14c5546b6199ce,False
smooth_twist_common_gap,smooth_twist,analytic_synthetic,synthetic,POTS33,0,midrib_arc_length,computed_model_quantity,1.1559900602272508,1.0748037603981524,frozen_L4_analytic_sampled_triangulation,0.08118629982909842,0.08118629982909842,7.553592834381562,7.553592834381562,model_unit,,,,frozen_models/smooth_twist_common_gap/POTS33/L0.json,12fee727b37722af9b2f0b44f90b72ea4c5a14fc284387b4dbf5083de0742256,6ec7f15a219071f4df3f0397e7459ee12899a479bd004cd8eb14c5546b6199ce,False
smooth_twist_common_gap,smooth_twist,analytic_synthetic,synthetic,POTS33,0,half_arc_section_chord_width,computed_model_quantity,0.5962998313207242,0.5190958271218472,frozen_L4_analytic_sampled_triangulation,0.07720400419887696,0.07720400419887696,14.872784592960114,14.872784592960114,model_unit,,,,frozen_models/smooth_twist_common_gap/POTS33/L0.json,12fee727b37722af9b2f0b44f90b72ea4c5a14fc284387b4dbf5083de0742256,6ec7f15a219071f4df3f0397e7459ee12899a479bd004cd8eb14c5546b6199ce,False
smooth_twist_common_gap,smooth_twist,analytic_synthetic,synthetic,POTS33,2,lamina_area,computed_model_quantity,0.490486322653609,0.38214233566900035,frozen_L4_analytic_sampled_triangulation,0.10834398698460862,0.10834398698460862,28.351736217589032,28.351736217589032,model_unit^2,,,,frozen_models/smooth_twist_common_gap/POTS33/L2.json,8e9300c631a42b3c07baeea7e88aa8e49d8449efb9c39c88f95d7d2cd9b7428e,6ec7f15a219071f4df3f0397e7459ee12899a479bd004cd8eb14c5546b6199ce,False
smooth_twist_common_gap,smooth_twist,analytic_synthetic,synthetic,POTS33,2,midrib_arc_length,computed_model_quantity,1.1559900602272508,1.0748037603981524,frozen_L4_analytic_sampled_triangulation,0.08118629982909842,0.08118629982909842,7.553592834381562,7.553592834381562,model_unit,,,,frozen_models/smooth_twist_common_gap/POTS33/L2.json,8e9300c631a42b3c07baeea7e88aa8e49d8449efb9c39c88f95d7d2cd9b7428e,6ec7f15a219071f4df3f0397e7459ee12899a479bd004cd8eb14c5546b6199ce,False
smooth_twist_common_gap,smooth_twist,analytic_synthetic,synthetic,POTS33,2,half_arc_section_chord_width,computed_model_quantity,0.5962998313207243,0.5190958271218472,frozen_L4_analytic_sampled_triangulation,0.07720400419887707,0.07720400419887707,14.872784592960135,14.872784592960135,model_unit,,,,frozen_models/smooth_twist_common_gap/POTS33/L2.json,8e9300c631a42b3c07baeea7e88aa8e49d8449efb9c39c88f95d7d2cd9b7428e,6ec7f15a219071f4df3f0397e7459ee12899a479bd004cd8eb14c5546b6199ce,False
smooth_twist_common_gap,smooth_twist,analytic_synthetic,synthetic,symmetric24,0,lamina_area,computed_model_quantity,0.3864069774179135,0.38214233566900035,frozen_L4_analytic_sampled_triangulation,0.004264641748913167,0.004264641748913167,1.115982541281965,1.115982541281965,model_unit^2,,,,frozen_models/smooth_twist_common_gap/symmetric24/L0.json,f3038043f5c1210bdd43c02be0575871a0255a706a627dfbf1294aa5fb350f8c,6ec7f15a219071f4df3f0397e7459ee12899a479bd004cd8eb14c5546b6199ce,False
smooth_twist_common_gap,smooth_twist,analytic_synthetic,synthetic,symmetric24,0,midrib_arc_length,computed_model_quantity,1.0292038177912066,1.0748037603981524,frozen_L4_analytic_sampled_triangulation,-0.045599942606945776,0.045599942606945776,-4.242629611758489,4.242629611758489,model_unit,,,,frozen_models/smooth_twist_common_gap/symmetric24/L0.json,f3038043f5c1210bdd43c02be0575871a0255a706a627dfbf1294aa5fb350f8c,6ec7f15a219071f4df3f0397e7459ee12899a479bd004cd8eb14c5546b6199ce,False
smooth_twist_common_gap,smooth_twist,analytic_synthetic,synthetic,symmetric24,0,half_arc_section_chord_width,computed_model_quantity,0.6202343340903059,0.5190958271218472,frozen_L4_analytic_sampled_triangulation,0.10113850696845872,0.10113850696845872,19.48359082931301,19.48359082931301,model_unit,,,,frozen_models/smooth_twist_common_gap/symmetric24/L0.json,f3038043f5c1210bdd43c02be0575871a0255a706a627dfbf1294aa5fb350f8c,6ec7f15a219071f4df3f0397e7459ee12899a479bd004cd8eb14c5546b6199ce,False
smooth_twist_common_gap,smooth_twist,analytic_synthetic,synthetic,symmetric24,2,lamina_area,computed_model_quantity,0.3864069774179135,0.38214233566900035,frozen_L4_analytic_sampled_triangulation,0.004264641748913167,0.004264641748913167,1.115982541281965,1.115982541281965,model_unit^2,,,,frozen_models/smooth_twist_common_gap/symmetric24/L2.json,ecbb2f27eef12ffca81c13a88a41f1489d7c0771cad3eec64e3d446b761a073e,6ec7f15a219071f4df3f0397e7459ee12899a479bd004cd8eb14c5546b6199ce,False
smooth_twist_common_gap,smooth_twist,analytic_synthetic,synthetic,symmetric24,2,midrib_arc_length,computed_model_quantity,1.0292038177912066,1.0748037603981524,frozen_L4_analytic_sampled_triangulation,-0.045599942606945776,0.045599942606945776,-4.242629611758489,4.242629611758489,model_unit,,,,frozen_models/smooth_twist_common_gap/symmetric24/L2.json,ecbb2f27eef12ffca81c13a88a41f1489d7c0771cad3eec64e3d446b761a073e,6ec7f15a219071f4df3f0397e7459ee12899a479bd004cd8eb14c5546b6199ce,False
smooth_twist_common_gap,smooth_twist,analytic_synthetic,synthetic,symmetric24,2,half_arc_section_chord_width,computed_model_quantity,0.6202343340903059,0.5190958271218472,frozen_L4_analytic_sampled_triangulation,0.10113850696845872,0.10113850696845872,19.48359082931301,19.48359082931301,model_unit,,,,frozen_models/smooth_twist_common_gap/symmetric24/L2.json,ecbb2f27eef12ffca81c13a88a41f1489d7c0771cad3eec64e3d446b761a073e,6ec7f15a219071f4df3f0397e7459ee12899a479bd004cd8eb14c5546b6199ce,False
real_known_pilot,komatsuna_p00_d009_t00_leaf04,real,real,POTS33,0,lamina_area,computed_model_quantity,1.509278566684103,,none,,,,,model_unit^2,,,,frozen_models/real_known_pilot/POTS33/L0.json,d161b6426d89dc383e21bed98393700726dd6599cf38feaddaa9a7b902cd0c53,,False
real_known_pilot,komatsuna_p00_d009_t00_leaf04,real,real,POTS33,0,midrib_arc_length,computed_model_quantity,1.5825375307482565,,none,,,,,model_unit,,,,frozen_models/real_known_pilot/POTS33/L0.json,d161b6426d89dc383e21bed98393700726dd6599cf38feaddaa9a7b902cd0c53,,False
real_known_pilot,komatsuna_p00_d009_t00_leaf04,real,real,POTS33,0,half_arc_section_chord_width,computed_model_quantity,1.1307712711940874,,none,,,,,model_unit,,,,frozen_models/real_known_pilot/POTS33/L0.json,d161b6426d89dc383e21bed98393700726dd6599cf38feaddaa9a7b902cd0c53,,False
real_known_pilot,komatsuna_p00_d009_t00_leaf04,real,real,POTS33,2,lamina_area,computed_model_quantity,1.5092785666841029,,none,,,,,model_unit^2,,,,frozen_models/real_known_pilot/POTS33/L2.json,bb530ccc185e8edc97e35ea1ceba3fa79e85e3801a4101352aaa6aa79b80ff7a,,False
real_known_pilot,komatsuna_p00_d009_t00_leaf04,real,real,POTS33,2,midrib_arc_length,computed_model_quantity,1.5825375307482565,,none,,,,,model_unit,,,,frozen_models/real_known_pilot/POTS33/L2.json,bb530ccc185e8edc97e35ea1ceba3fa79e85e3801a4101352aaa6aa79b80ff7a,,False
real_known_pilot,komatsuna_p00_d009_t00_leaf04,real,real,POTS33,2,half_arc_section_chord_width,computed_model_quantity,1.130771271194087,,none,,,,,model_unit,,,,frozen_models/real_known_pilot/POTS33/L2.json,bb530ccc185e8edc97e35ea1ceba3fa79e85e3801a4101352aaa6aa79b80ff7a,,False
real_known_pilot,komatsuna_p00_d009_t00_leaf04,real,real,symmetric24,0,lamina_area,computed_model_quantity,2.008478621437496,,none,,,,,model_unit^2,,,,frozen_models/real_known_pilot/symmetric24/L0.json,4fa18b07938e3de7ac824324ac7d9c198856ef7b18ed2ef85e8cdb91e028fe03,,False
real_known_pilot,komatsuna_p00_d009_t00_leaf04,real,real,symmetric24,0,midrib_arc_length,computed_model_quantity,1.5973298228137063,,none,,,,,model_unit,,,,frozen_models/real_known_pilot/symmetric24/L0.json,4fa18b07938e3de7ac824324ac7d9c198856ef7b18ed2ef85e8cdb91e028fe03,,False
real_known_pilot,komatsuna_p00_d009_t00_leaf04,real,real,symmetric24,0,half_arc_section_chord_width,computed_model_quantity,1.1170359679619888,,none,,,,,model_unit,,,,frozen_models/real_known_pilot/symmetric24/L0.json,4fa18b07938e3de7ac824324ac7d9c198856ef7b18ed2ef85e8cdb91e028fe03,,False
real_known_pilot,komatsuna_p00_d009_t00_leaf04,real,real,symmetric24,2,lamina_area,computed_model_quantity,2.008478621437496,,none,,,,,model_unit^2,,,,frozen_models/real_known_pilot/symmetric24/L2.json,844d8ca54b45c9a7cc6e30a1d1dc3d8218b3d98aefd2d039782a30b66a64a123,,False
real_known_pilot,komatsuna_p00_d009_t00_leaf04,real,real,symmetric24,2,midrib_arc_length,computed_model_quantity,1.5973298228137063,,none,,,,,model_unit,,,,frozen_models/real_known_pilot/symmetric24/L2.json,844d8ca54b45c9a7cc6e30a1d1dc3d8218b3d98aefd2d039782a30b66a64a123,,False
real_known_pilot,komatsuna_p00_d009_t00_leaf04,real,real,symmetric24,2,half_arc_section_chord_width,computed_model_quantity,1.1170359679619888,,none,,,,,model_unit,,,,frozen_models/real_known_pilot/symmetric24/L2.json,844d8ca54b45c9a7cc6e30a1d1dc3d8218b3d98aefd2d039782a30b66a64a123,,False
real_p01,komatsuna_p01_d009_t00_leaf04,real,real,POTS33,0,lamina_area,computed_model_quantity,1.642789328321987,,none,,,,,model_unit^2,,,,frozen_models/real_p01/POTS33/L0.json,b24fab7798ef64660ead1f5a3ee2b14f7a3e0e2317e573357a6f6949c128c268,,False
real_p01,komatsuna_p01_d009_t00_leaf04,real,real,POTS33,0,midrib_arc_length,computed_model_quantity,1.6753862919916438,,none,,,,,model_unit,,,,frozen_models/real_p01/POTS33/L0.json,b24fab7798ef64660ead1f5a3ee2b14f7a3e0e2317e573357a6f6949c128c268,,False
real_p01,komatsuna_p01_d009_t00_leaf04,real,real,POTS33,0,half_arc_section_chord_width,computed_model_quantity,1.2500490374872977,,none,,,,,model_unit,,,,frozen_models/real_p01/POTS33/L0.json,b24fab7798ef64660ead1f5a3ee2b14f7a3e0e2317e573357a6f6949c128c268,,False
real_p01,komatsuna_p01_d009_t00_leaf04,real,real,POTS33,2,lamina_area,computed_model_quantity,1.6427893283219865,,none,,,,,model_unit^2,,,,frozen_models/real_p01/POTS33/L2.json,e3111a39d98c7fb6991a377a565cc637c5bc35d9c7beed1d8a05aa5f49bd925a,,False
real_p01,komatsuna_p01_d009_t00_leaf04,real,real,POTS33,2,midrib_arc_length,computed_model_quantity,1.6753862919916438,,none,,,,,model_unit,,,,frozen_models/real_p01/POTS33/L2.json,e3111a39d98c7fb6991a377a565cc637c5bc35d9c7beed1d8a05aa5f49bd925a,,False
real_p01,komatsuna_p01_d009_t00_leaf04,real,real,POTS33,2,half_arc_section_chord_width,computed_model_quantity,1.2500490374872975,,none,,,,,model_unit,,,,frozen_models/real_p01/POTS33/L2.json,e3111a39d98c7fb6991a377a565cc637c5bc35d9c7beed1d8a05aa5f49bd925a,,False
real_p01,komatsuna_p01_d009_t00_leaf04,real,real,symmetric24,0,lamina_area,computed_model_quantity,1.6804102123823186,,none,,,,,model_unit^2,,,,frozen_models/real_p01/symmetric24/L0.json,f5d128ceee214ab080a24e1b9694277fe509d5e521542cd72e36878370b7b56e,,False
real_p01,komatsuna_p01_d009_t00_leaf04,real,real,symmetric24,0,midrib_arc_length,computed_model_quantity,1.7350380879583414,,none,,,,,model_unit,,,,frozen_models/real_p01/symmetric24/L0.json,f5d128ceee214ab080a24e1b9694277fe509d5e521542cd72e36878370b7b56e,,False
real_p01,komatsuna_p01_d009_t00_leaf04,real,real,symmetric24,0,half_arc_section_chord_width,computed_model_quantity,1.2858218582058374,,none,,,,,model_unit,,,,frozen_models/real_p01/symmetric24/L0.json,f5d128ceee214ab080a24e1b9694277fe509d5e521542cd72e36878370b7b56e,,False
real_p01,komatsuna_p01_d009_t00_leaf04,real,real,symmetric24,2,lamina_area,computed_model_quantity,1.6804102123823184,,none,,,,,model_unit^2,,,,frozen_models/real_p01/symmetric24/L2.json,1714bc683d76413a8d8bf7c28d55dcff44283fe0430266cec95bbe8aafacec15,,False
real_p01,komatsuna_p01_d009_t00_leaf04,real,real,symmetric24,2,midrib_arc_length,computed_model_quantity,1.7350380879583414,,none,,,,,model_unit,,,,frozen_models/real_p01/symmetric24/L2.json,1714bc683d76413a8d8bf7c28d55dcff44283fe0430266cec95bbe8aafacec15,,False
real_p01,komatsuna_p01_d009_t00_leaf04,real,real,symmetric24,2,half_arc_section_chord_width,computed_model_quantity,1.2858218582058372,,none,,,,,model_unit,,,,frozen_models/real_p01/symmetric24/L2.json,1714bc683d76413a8d8bf7c28d55dcff44283fe0430266cec95bbe8aafacec15,,False
real_p02,komatsuna_p02_d009_t00_leaf04,real,real,POTS33,0,lamina_area,computed_model_quantity,1.4939314505910286,,none,,,,,model_unit^2,,,,frozen_models/real_p02/POTS33/L0.json,ee4f13013381b17ba7c82a4ec64dfc98b2e38cc1d2ad90edee4730bdd4b3911f,,False
real_p02,komatsuna_p02_d009_t00_leaf04,real,real,POTS33,0,midrib_arc_length,computed_model_quantity,1.7676378323816386,,none,,,,,model_unit,,,,frozen_models/real_p02/POTS33/L0.json,ee4f13013381b17ba7c82a4ec64dfc98b2e38cc1d2ad90edee4730bdd4b3911f,,False
real_p02,komatsuna_p02_d009_t00_leaf04,real,real,POTS33,0,half_arc_section_chord_width,computed_model_quantity,1.2360573394710914,,none,,,,,model_unit,,,,frozen_models/real_p02/POTS33/L0.json,ee4f13013381b17ba7c82a4ec64dfc98b2e38cc1d2ad90edee4730bdd4b3911f,,False
real_p02,komatsuna_p02_d009_t00_leaf04,real,real,POTS33,2,lamina_area,computed_model_quantity,1.4939314505910293,,none,,,,,model_unit^2,,,,frozen_models/real_p02/POTS33/L2.json,911f4e2d29a40520497565a91cd75eefdd0708346eb1cc3af37bb6c113dbc6d8,,False
real_p02,komatsuna_p02_d009_t00_leaf04,real,real,POTS33,2,midrib_arc_length,computed_model_quantity,1.7676378323816386,,none,,,,,model_unit,,,,frozen_models/real_p02/POTS33/L2.json,911f4e2d29a40520497565a91cd75eefdd0708346eb1cc3af37bb6c113dbc6d8,,False
real_p02,komatsuna_p02_d009_t00_leaf04,real,real,POTS33,2,half_arc_section_chord_width,computed_model_quantity,1.2360573394710914,,none,,,,,model_unit,,,,frozen_models/real_p02/POTS33/L2.json,911f4e2d29a40520497565a91cd75eefdd0708346eb1cc3af37bb6c113dbc6d8,,False
real_p02,komatsuna_p02_d009_t00_leaf04,real,real,symmetric24,0,lamina_area,computed_model_quantity,1.4032785305856268,,none,,,,,model_unit^2,,,,frozen_models/real_p02/symmetric24/L0.json,f7c8851799690112c00f52fe27f9443970f947bcad427e8befaa722dfc49dcd4,,False
real_p02,komatsuna_p02_d009_t00_leaf04,real,real,symmetric24,0,midrib_arc_length,computed_model_quantity,1.6515356438470088,,none,,,,,model_unit,,,,frozen_models/real_p02/symmetric24/L0.json,f7c8851799690112c00f52fe27f9443970f947bcad427e8befaa722dfc49dcd4,,False
real_p02,komatsuna_p02_d009_t00_leaf04,real,real,symmetric24,0,half_arc_section_chord_width,computed_model_quantity,1.2769072937913468,,none,,,,,model_unit,,,,frozen_models/real_p02/symmetric24/L0.json,f7c8851799690112c00f52fe27f9443970f947bcad427e8befaa722dfc49dcd4,,False
real_p02,komatsuna_p02_d009_t00_leaf04,real,real,symmetric24,2,lamina_area,computed_model_quantity,1.4032785305856268,,none,,,,,model_unit^2,,,,frozen_models/real_p02/symmetric24/L2.json,496d57233495e06156bb5ac5063ab0b21874983b7e02961389721de8ddc9074d,,False
real_p02,komatsuna_p02_d009_t00_leaf04,real,real,symmetric24,2,midrib_arc_length,computed_model_quantity,1.6515356438470088,,none,,,,,model_unit,,,,frozen_models/real_p02/symmetric24/L2.json,496d57233495e06156bb5ac5063ab0b21874983b7e02961389721de8ddc9074d,,False
real_p02,komatsuna_p02_d009_t00_leaf04,real,real,symmetric24,2,half_arc_section_chord_width,computed_model_quantity,1.2769072937913468,,none,,,,,model_unit,,,,frozen_models/real_p02/symmetric24/L2.json,496d57233495e06156bb5ac5063ab0b21874983b7e02961389721de8ddc9074d,,False
